pattern,index,src,dst
uniform,0,0,11
uniform,1,1,14
uniform,2,2,10
uniform,3,3,13
uniform,4,4,15
uniform,5,5,6
uniform,6,6,4
uniform,7,7,5
uniform,8,8,1
uniform,9,9,5
uniform,10,10,14
uniform,11,11,13
uniform,12,12,1
uniform,13,13,14
uniform,14,14,7
uniform,15,15,13
uniform,16,0,1
uniform,17,1,11
uniform,18,2,4
uniform,19,3,7
uniform,20,4,14
uniform,21,5,9
uniform,22,6,8
uniform,23,7,13
uniform,24,8,3
uniform,25,9,6
uniform,26,10,5
uniform,27,11,12
uniform,28,12,5
uniform,29,13,12
uniform,30,14,10
uniform,31,15,14
uniform,32,0,6
uniform,33,1,2
uniform,34,2,15
uniform,35,3,11
uniform,36,4,9
uniform,37,5,15
uniform,38,6,14
uniform,39,7,9
uniform,40,8,6
uniform,41,9,7
uniform,42,10,12
uniform,43,11,12
uniform,44,12,6
uniform,45,13,15
uniform,46,14,4
uniform,47,15,5
uniform,48,0,4
uniform,49,1,15
uniform,50,2,4
uniform,51,3,7
uniform,52,4,6
uniform,53,5,2
uniform,54,6,9
uniform,55,7,14
uniform,56,8,11
uniform,57,9,14
uniform,58,10,4
uniform,59,11,3
uniform,60,12,1
uniform,61,13,15
uniform,62,14,12
uniform,63,15,0
uniform,64,0,14
uniform,65,1,12
uniform,66,2,8
uniform,67,3,5
uniform,68,4,13
uniform,69,5,11
uniform,70,6,8
uniform,71,7,10
uniform,72,8,5
uniform,73,9,1
uniform,74,10,6
uniform,75,11,9
uniform,76,12,7
uniform,77,13,7
uniform,78,14,4
uniform,79,15,0
uniform,80,0,15
uniform,81,1,4
uniform,82,2,14
uniform,83,3,9
uniform,84,4,8
uniform,85,5,12
uniform,86,6,11
uniform,87,7,5
uniform,88,8,10
uniform,89,9,8
uniform,90,10,2
uniform,91,11,4
uniform,92,12,13
uniform,93,13,7
uniform,94,14,1
uniform,95,15,5
uniform,96,0,5
uniform,97,1,6
uniform,98,2,9
uniform,99,3,6
uniform,100,4,11
uniform,101,5,14
uniform,102,6,14
uniform,103,7,0
uniform,104,8,9
uniform,105,9,11
uniform,106,10,15
uniform,107,11,2
uniform,108,12,2
uniform,109,13,4
uniform,110,14,5
uniform,111,15,0
uniform,112,0,6
uniform,113,1,9
uniform,114,2,10
uniform,115,3,4
uniform,116,4,7
uniform,117,5,13
uniform,118,6,7
uniform,119,7,11
uniform,120,8,7
uniform,121,9,13
uniform,122,10,9
uniform,123,11,3
uniform,124,12,9
uniform,125,13,8
uniform,126,14,15
uniform,127,15,5
uniform,128,0,2
uniform,129,1,12
uniform,130,2,5
uniform,131,3,8
uniform,132,4,0
uniform,133,5,2
uniform,134,6,1
uniform,135,7,8
uniform,136,8,6
uniform,137,9,10
uniform,138,10,12
uniform,139,11,9
uniform,140,12,10
uniform,141,13,11
uniform,142,14,13
uniform,143,15,8
uniform,144,0,5
uniform,145,1,4
uniform,146,2,7
uniform,147,3,5
uniform,148,4,14
uniform,149,5,8
uniform,150,6,8
uniform,151,7,13
uniform,152,8,3
uniform,153,9,1
uniform,154,10,15
uniform,155,11,7
uniform,156,12,7
uniform,157,13,3
uniform,158,14,13
uniform,159,15,6
uniform,160,0,1
uniform,161,1,11
uniform,162,2,9
uniform,163,3,4
uniform,164,4,10
uniform,165,5,3
uniform,166,6,10
uniform,167,7,2
uniform,168,8,15
uniform,169,9,14
uniform,170,10,6
uniform,171,11,3
uniform,172,12,11
uniform,173,13,2
uniform,174,14,3
uniform,175,15,5
uniform,176,0,14
uniform,177,1,6
uniform,178,2,4
uniform,179,3,1
uniform,180,4,8
uniform,181,5,7
uniform,182,6,3
uniform,183,7,10
uniform,184,8,15
uniform,185,9,2
uniform,186,10,7
uniform,187,11,8
uniform,188,12,13
uniform,189,13,12
uniform,190,14,9
uniform,191,15,13
uniform,192,0,1
uniform,193,1,14
uniform,194,2,6
uniform,195,3,0
uniform,196,4,9
uniform,197,5,6
uniform,198,6,0
uniform,199,7,0
uniform,200,8,12
uniform,201,9,1
uniform,202,10,13
uniform,203,11,0
uniform,204,12,11
uniform,205,13,8
uniform,206,14,7
uniform,207,15,5
uniform,208,0,15
uniform,209,1,10
uniform,210,2,15
uniform,211,3,11
uniform,212,4,7
uniform,213,5,6
uniform,214,6,15
uniform,215,7,9
uniform,216,8,4
uniform,217,9,13
uniform,218,10,14
uniform,219,11,5
uniform,220,12,13
uniform,221,13,3
uniform,222,14,4
uniform,223,15,14
uniform,224,0,15
uniform,225,1,7
uniform,226,2,4
uniform,227,3,14
uniform,228,4,6
uniform,229,5,1
uniform,230,6,7
uniform,231,7,5
uniform,232,8,1
uniform,233,9,0
uniform,234,10,4
uniform,235,11,7
uniform,236,12,2
uniform,237,13,14
uniform,238,14,7
uniform,239,15,10
uniform,240,0,11
uniform,241,1,3
uniform,242,2,6
uniform,243,3,8
uniform,244,4,3
uniform,245,5,0
uniform,246,6,13
uniform,247,7,2
uniform,248,8,11
uniform,249,9,4
uniform,250,10,4
uniform,251,11,13
uniform,252,12,0
uniform,253,13,1
uniform,254,14,11
uniform,255,15,3
uniform,256,0,11
uniform,257,1,6
uniform,258,2,6
uniform,259,3,9
uniform,260,4,1
uniform,261,5,7
uniform,262,6,14
uniform,263,7,13
uniform,264,8,0
uniform,265,9,11
uniform,266,10,2
uniform,267,11,13
uniform,268,12,13
uniform,269,13,7
uniform,270,14,13
uniform,271,15,5
uniform,272,0,7
uniform,273,1,2
uniform,274,2,13
uniform,275,3,8
uniform,276,4,0
uniform,277,5,2
uniform,278,6,0
uniform,279,7,9
uniform,280,8,12
uniform,281,9,7
uniform,282,10,12
uniform,283,11,15
uniform,284,12,4
uniform,285,13,1
uniform,286,14,13
uniform,287,15,1
uniform,288,0,15
uniform,289,1,12
uniform,290,2,13
uniform,291,3,6
uniform,292,4,3
uniform,293,5,13
uniform,294,6,10
uniform,295,7,15
uniform,296,8,13
uniform,297,9,7
uniform,298,10,12
uniform,299,11,12
uniform,300,12,13
uniform,301,13,5
uniform,302,14,3
uniform,303,15,13
uniform,304,0,7
uniform,305,1,5
uniform,306,2,3
uniform,307,3,14
uniform,308,4,10
uniform,309,5,7
uniform,310,6,0
uniform,311,7,4
uniform,312,8,5
uniform,313,9,12
uniform,314,10,6
uniform,315,11,15
uniform,316,12,9
uniform,317,13,2
uniform,318,14,12
uniform,319,15,3
uniform,320,0,15
uniform,321,1,5
uniform,322,2,0
uniform,323,3,12
uniform,324,4,15
uniform,325,5,11
uniform,326,6,8
uniform,327,7,15
uniform,328,8,0
uniform,329,9,7
uniform,330,10,15
uniform,331,11,1
uniform,332,12,2
uniform,333,13,10
uniform,334,14,0
uniform,335,15,7
uniform,336,0,4
uniform,337,1,15
uniform,338,2,7
uniform,339,3,13
uniform,340,4,13
uniform,341,5,4
uniform,342,6,7
uniform,343,7,6
uniform,344,8,2
uniform,345,9,2
uniform,346,10,5
uniform,347,11,0
uniform,348,12,14
uniform,349,13,0
uniform,350,14,15
uniform,351,15,12
uniform,352,0,2
uniform,353,1,13
uniform,354,2,12
uniform,355,3,1
uniform,356,4,6
uniform,357,5,8
uniform,358,6,2
uniform,359,7,9
uniform,360,8,1
uniform,361,9,15
uniform,362,10,2
uniform,363,11,7
uniform,364,12,6
uniform,365,13,14
uniform,366,14,11
uniform,367,15,11
uniform,368,0,1
uniform,369,1,6
uniform,370,2,10
uniform,371,3,14
uniform,372,4,14
uniform,373,5,3
uniform,374,6,2
uniform,375,7,0
uniform,376,8,10
uniform,377,9,4
uniform,378,10,11
uniform,379,11,3
uniform,380,12,3
uniform,381,13,7
uniform,382,14,11
uniform,383,15,4
uniform,384,0,2
uniform,385,1,5
uniform,386,2,12
uniform,387,3,11
uniform,388,4,3
uniform,389,5,13
uniform,390,6,10
uniform,391,7,1
uniform,392,8,1
uniform,393,9,14
uniform,394,10,15
uniform,395,11,10
uniform,396,12,8
uniform,397,13,1
uniform,398,14,3
uniform,399,15,6
uniform,400,0,12
uniform,401,1,14
uniform,402,2,12
uniform,403,3,8
uniform,404,4,5
uniform,405,5,8
uniform,406,6,8
uniform,407,7,4
uniform,408,8,5
uniform,409,9,8
uniform,410,10,11
uniform,411,11,7
uniform,412,12,1
uniform,413,13,14
uniform,414,14,5
uniform,415,15,14
uniform,416,0,1
uniform,417,1,4
uniform,418,2,0
uniform,419,3,2
uniform,420,4,12
uniform,421,5,4
uniform,422,6,14
uniform,423,7,8
uniform,424,8,6
uniform,425,9,11
uniform,426,10,15
uniform,427,11,13
uniform,428,12,9
uniform,429,13,0
uniform,430,14,9
uniform,431,15,0
uniform,432,0,8
uniform,433,1,11
uniform,434,2,12
uniform,435,3,9
uniform,436,4,0
uniform,437,5,13
uniform,438,6,10
uniform,439,7,15
uniform,440,8,11
uniform,441,9,0
uniform,442,10,9
uniform,443,11,7
uniform,444,12,8
uniform,445,13,0
uniform,446,14,10
uniform,447,15,6
uniform,448,0,3
uniform,449,1,14
uniform,450,2,7
uniform,451,3,6
uniform,452,4,0
uniform,453,5,0
uniform,454,6,14
uniform,455,7,12
uniform,456,8,4
uniform,457,9,1
uniform,458,10,11
uniform,459,11,15
uniform,460,12,2
uniform,461,13,0
uniform,462,14,13
uniform,463,15,7
uniform,464,0,1
uniform,465,1,11
uniform,466,2,3
uniform,467,3,9
uniform,468,4,11
uniform,469,5,8
uniform,470,6,15
uniform,471,7,1
uniform,472,8,10
uniform,473,9,6
uniform,474,10,14
uniform,475,11,14
uniform,476,12,14
uniform,477,13,4
uniform,478,14,10
uniform,479,15,1
uniform,480,0,7
uniform,481,1,4
uniform,482,2,9
uniform,483,3,12
uniform,484,4,14
uniform,485,5,2
uniform,486,6,1
uniform,487,7,10
uniform,488,8,4
uniform,489,9,12
uniform,490,10,1
uniform,491,11,7
uniform,492,12,10
uniform,493,13,9
uniform,494,14,11
uniform,495,15,1
uniform,496,0,12
uniform,497,1,9
uniform,498,2,9
uniform,499,3,4
uniform,500,4,1
uniform,501,5,14
uniform,502,6,2
uniform,503,7,0
uniform,504,8,2
uniform,505,9,5
uniform,506,10,3
uniform,507,11,6
uniform,508,12,4
uniform,509,13,0
uniform,510,14,10
uniform,511,15,5
uniform,512,0,1
uniform,513,1,6
uniform,514,2,0
uniform,515,3,15
uniform,516,4,0
uniform,517,5,7
uniform,518,6,9
uniform,519,7,9
uniform,520,8,1
uniform,521,9,15
uniform,522,10,0
uniform,523,11,10
uniform,524,12,11
uniform,525,13,11
uniform,526,14,8
uniform,527,15,2
uniform,528,0,8
uniform,529,1,2
uniform,530,2,1
uniform,531,3,1
uniform,532,4,13
uniform,533,5,0
uniform,534,6,9
uniform,535,7,14
uniform,536,8,9
uniform,537,9,0
uniform,538,10,8
uniform,539,11,5
uniform,540,12,11
uniform,541,13,6
uniform,542,14,0
uniform,543,15,1
uniform,544,0,11
uniform,545,1,3
uniform,546,2,9
uniform,547,3,10
uniform,548,4,15
uniform,549,5,14
uniform,550,6,1
uniform,551,7,14
uniform,552,8,11
uniform,553,9,15
uniform,554,10,11
uniform,555,11,7
uniform,556,12,10
uniform,557,13,15
uniform,558,14,13
uniform,559,15,14
uniform,560,0,2
uniform,561,1,14
uniform,562,2,6
uniform,563,3,10
uniform,564,4,3
uniform,565,5,1
uniform,566,6,4
uniform,567,7,11
uniform,568,8,2
uniform,569,9,13
uniform,570,10,0
uniform,571,11,9
uniform,572,12,0
uniform,573,13,0
uniform,574,14,12
uniform,575,15,6
uniform,576,0,3
uniform,577,1,9
uniform,578,2,6
uniform,579,3,10
uniform,580,4,5
uniform,581,5,14
uniform,582,6,14
uniform,583,7,9
uniform,584,8,15
uniform,585,9,1
uniform,586,10,8
uniform,587,11,8
uniform,588,12,10
uniform,589,13,4
uniform,590,14,3
uniform,591,15,8
uniform,592,0,11
uniform,593,1,8
uniform,594,2,9
uniform,595,3,10
uniform,596,4,12
uniform,597,5,13
uniform,598,6,12
uniform,599,7,3
uniform,600,8,4
uniform,601,9,3
uniform,602,10,8
uniform,603,11,8
uniform,604,12,7
uniform,605,13,11
uniform,606,14,9
uniform,607,15,11
uniform,608,0,3
uniform,609,1,2
uniform,610,2,7
uniform,611,3,10
uniform,612,4,1
uniform,613,5,11
uniform,614,6,11
uniform,615,7,6
uniform,616,8,15
uniform,617,9,0
uniform,618,10,6
uniform,619,11,2
uniform,620,12,9
uniform,621,13,8
uniform,622,14,11
uniform,623,15,0
uniform,624,0,2
uniform,625,1,9
uniform,626,2,12
uniform,627,3,8
uniform,628,4,6
uniform,629,5,3
uniform,630,6,11
uniform,631,7,1
uniform,632,8,0
uniform,633,9,2
uniform,634,10,7
uniform,635,11,9
uniform,636,12,9
uniform,637,13,2
uniform,638,14,7
uniform,639,15,5
uniform,640,0,3
uniform,641,1,13
uniform,642,2,12
uniform,643,3,4
uniform,644,4,1
uniform,645,5,10
uniform,646,6,9
uniform,647,7,1
uniform,648,8,15
uniform,649,9,15
uniform,650,10,12
uniform,651,11,4
uniform,652,12,7
uniform,653,13,9
uniform,654,14,2
uniform,655,15,13
uniform,656,0,5
uniform,657,1,15
uniform,658,2,13
uniform,659,3,11
uniform,660,4,0
uniform,661,5,1
uniform,662,6,14
uniform,663,7,2
uniform,664,8,5
uniform,665,9,15
uniform,666,10,5
uniform,667,11,1
uniform,668,12,9
uniform,669,13,9
uniform,670,14,12
uniform,671,15,4
uniform,672,0,7
uniform,673,1,3
uniform,674,2,13
uniform,675,3,4
uniform,676,4,10
uniform,677,5,12
uniform,678,6,0
uniform,679,7,14
uniform,680,8,12
uniform,681,9,6
uniform,682,10,7
uniform,683,11,15
uniform,684,12,1
uniform,685,13,7
uniform,686,14,5
uniform,687,15,0
uniform,688,0,8
uniform,689,1,13
uniform,690,2,0
uniform,691,3,14
uniform,692,4,9
uniform,693,5,9
uniform,694,6,13
uniform,695,7,2
uniform,696,8,15
uniform,697,9,12
uniform,698,10,0
uniform,699,11,0
uniform,700,12,3
uniform,701,13,6
uniform,702,14,13
uniform,703,15,10
uniform,704,0,9
uniform,705,1,8
uniform,706,2,5
uniform,707,3,13
uniform,708,4,14
uniform,709,5,11
uniform,710,6,1
uniform,711,7,8
uniform,712,8,13
uniform,713,9,11
uniform,714,10,14
uniform,715,11,5
uniform,716,12,11
uniform,717,13,7
uniform,718,14,13
uniform,719,15,8
uniform,720,0,2
uniform,721,1,4
uniform,722,2,15
uniform,723,3,10
uniform,724,4,0
uniform,725,5,8
uniform,726,6,5
uniform,727,7,15
uniform,728,8,9
uniform,729,9,0
uniform,730,10,6
uniform,731,11,7
uniform,732,12,10
uniform,733,13,5
uniform,734,14,3
uniform,735,15,0
uniform,736,0,15
uniform,737,1,6
uniform,738,2,1
uniform,739,3,4
uniform,740,4,13
uniform,741,5,7
uniform,742,6,15
uniform,743,7,8
uniform,744,8,7
uniform,745,9,12
uniform,746,10,4
uniform,747,11,14
uniform,748,12,2
uniform,749,13,5
uniform,750,14,11
uniform,751,15,12
uniform,752,0,8
uniform,753,1,14
uniform,754,2,1
uniform,755,3,0
uniform,756,4,0
uniform,757,5,11
uniform,758,6,4
uniform,759,7,2
uniform,760,8,4
uniform,761,9,14
uniform,762,10,3
uniform,763,11,12
uniform,764,12,4
uniform,765,13,0
uniform,766,14,4
uniform,767,15,14
uniform,768,0,4
uniform,769,1,7
uniform,770,2,11
uniform,771,3,12
uniform,772,4,12
uniform,773,5,3
uniform,774,6,5
uniform,775,7,6
uniform,776,8,3
uniform,777,9,14
uniform,778,10,11
uniform,779,11,6
uniform,780,12,6
uniform,781,13,2
uniform,782,14,11
uniform,783,15,6
uniform,784,0,12
uniform,785,1,9
uniform,786,2,4
uniform,787,3,11
uniform,788,4,1
uniform,789,5,12
uniform,790,6,10
uniform,791,7,8
uniform,792,8,5
uniform,793,9,2
uniform,794,10,3
uniform,795,11,2
uniform,796,12,9
uniform,797,13,0
uniform,798,14,11
uniform,799,15,12
uniform,800,0,15
uniform,801,1,11
uniform,802,2,5
uniform,803,3,13
uniform,804,4,1
uniform,805,5,10
uniform,806,6,4
uniform,807,7,15
uniform,808,8,15
uniform,809,9,6
uniform,810,10,15
uniform,811,11,9
uniform,812,12,8
uniform,813,13,10
uniform,814,14,4
uniform,815,15,10
uniform,816,0,13
uniform,817,1,5
uniform,818,2,12
uniform,819,3,13
uniform,820,4,3
uniform,821,5,14
uniform,822,6,11
uniform,823,7,11
uniform,824,8,10
uniform,825,9,3
uniform,826,10,5
uniform,827,11,10
uniform,828,12,1
uniform,829,13,15
uniform,830,14,9
uniform,831,15,7
uniform,832,0,14
uniform,833,1,7
uniform,834,2,3
uniform,835,3,14
uniform,836,4,1
uniform,837,5,6
uniform,838,6,8
uniform,839,7,12
uniform,840,8,6
uniform,841,9,12
uniform,842,10,15
uniform,843,11,4
uniform,844,12,0
uniform,845,13,3
uniform,846,14,0
uniform,847,15,3
uniform,848,0,15
uniform,849,1,11
uniform,850,2,13
uniform,851,3,4
uniform,852,4,10
uniform,853,5,1
uniform,854,6,0
uniform,855,7,4
uniform,856,8,1
uniform,857,9,3
uniform,858,10,5
uniform,859,11,1
uniform,860,12,9
uniform,861,13,4
uniform,862,14,2
uniform,863,15,0
uniform,864,0,13
uniform,865,1,10
uniform,866,2,11
uniform,867,3,14
uniform,868,4,2
uniform,869,5,14
uniform,870,6,9
uniform,871,7,11
uniform,872,8,7
uniform,873,9,15
uniform,874,10,5
uniform,875,11,9
uniform,876,12,11
uniform,877,13,3
uniform,878,14,0
uniform,879,15,12
uniform,880,0,1
uniform,881,1,7
uniform,882,2,7
uniform,883,3,13
uniform,884,4,13
uniform,885,5,2
uniform,886,6,13
uniform,887,7,13
uniform,888,8,13
uniform,889,9,8
uniform,890,10,2
uniform,891,11,6
uniform,892,12,2
uniform,893,13,0
uniform,894,14,9
uniform,895,15,12
uniform,896,0,3
uniform,897,1,15
uniform,898,2,4
uniform,899,3,1
uniform,900,4,13
uniform,901,5,3
uniform,902,6,11
uniform,903,7,14
uniform,904,8,2
uniform,905,9,3
uniform,906,10,12
uniform,907,11,1
uniform,908,12,6
uniform,909,13,8
uniform,910,14,5
uniform,911,15,8
uniform,912,0,5
uniform,913,1,0
uniform,914,2,15
uniform,915,3,2
uniform,916,4,1
uniform,917,5,10
uniform,918,6,10
uniform,919,7,12
uniform,920,8,12
uniform,921,9,5
uniform,922,10,7
uniform,923,11,8
uniform,924,12,1
uniform,925,13,11
uniform,926,14,4
uniform,927,15,7
uniform,928,0,4
uniform,929,1,6
uniform,930,2,13
uniform,931,3,14
uniform,932,4,3
uniform,933,5,10
uniform,934,6,8
uniform,935,7,12
uniform,936,8,3
uniform,937,9,10
uniform,938,10,8
uniform,939,11,2
uniform,940,12,11
uniform,941,13,9
uniform,942,14,9
uniform,943,15,7
uniform,944,0,14
uniform,945,1,12
uniform,946,2,3
uniform,947,3,15
uniform,948,4,6
uniform,949,5,13
uniform,950,6,9
uniform,951,7,4
uniform,952,8,5
uniform,953,9,8
uniform,954,10,9
uniform,955,11,5
uniform,956,12,13
uniform,957,13,9
uniform,958,14,3
uniform,959,15,14
uniform,960,0,1
uniform,961,1,9
uniform,962,2,1
uniform,963,3,11
uniform,964,4,9
uniform,965,5,8
uniform,966,6,8
uniform,967,7,9
uniform,968,8,2
uniform,969,9,11
uniform,970,10,11
uniform,971,11,13
uniform,972,12,1
uniform,973,13,15
uniform,974,14,0
uniform,975,15,12
uniform,976,0,1
uniform,977,1,11
uniform,978,2,1
uniform,979,3,9
uniform,980,4,7
uniform,981,5,9
uniform,982,6,4
uniform,983,7,10
uniform,984,8,3
uniform,985,9,15
uniform,986,10,0
uniform,987,11,10
uniform,988,12,3
uniform,989,13,10
uniform,990,14,3
uniform,991,15,4
uniform,992,0,12
uniform,993,1,9
uniform,994,2,6
uniform,995,3,5
uniform,996,4,6
uniform,997,5,1
uniform,998,6,15
uniform,999,7,9
uniform,1000,8,4
uniform,1001,9,10
uniform,1002,10,8
uniform,1003,11,15
uniform,1004,12,14
uniform,1005,13,2
uniform,1006,14,7
uniform,1007,15,3
uniform,1008,0,3
uniform,1009,1,15
uniform,1010,2,10
uniform,1011,3,5
uniform,1012,4,15
uniform,1013,5,14
uniform,1014,6,5
uniform,1015,7,15
uniform,1016,8,0
uniform,1017,9,6
uniform,1018,10,11
uniform,1019,11,8
uniform,1020,12,1
uniform,1021,13,0
uniform,1022,14,6
uniform,1023,15,6
uniform,1024,0,13
uniform,1025,1,0
uniform,1026,2,8
uniform,1027,3,10
uniform,1028,4,6
uniform,1029,5,11
uniform,1030,6,1
uniform,1031,7,9
uniform,1032,8,13
uniform,1033,9,8
uniform,1034,10,14
uniform,1035,11,15
uniform,1036,12,15
uniform,1037,13,6
uniform,1038,14,9
uniform,1039,15,0
uniform,1040,0,8
uniform,1041,1,10
uniform,1042,2,10
uniform,1043,3,1
uniform,1044,4,13
uniform,1045,5,13
uniform,1046,6,2
uniform,1047,7,1
uniform,1048,8,10
uniform,1049,9,7
uniform,1050,10,15
uniform,1051,11,0
uniform,1052,12,8
uniform,1053,13,4
uniform,1054,14,12
uniform,1055,15,14
uniform,1056,0,15
uniform,1057,1,6
uniform,1058,2,0
uniform,1059,3,2
uniform,1060,4,15
uniform,1061,5,11
uniform,1062,6,5
uniform,1063,7,11
uniform,1064,8,5
uniform,1065,9,4
uniform,1066,10,14
uniform,1067,11,2
uniform,1068,12,7
uniform,1069,13,14
uniform,1070,14,7
uniform,1071,15,12
uniform,1072,0,8
uniform,1073,1,14
uniform,1074,2,12
uniform,1075,3,2
uniform,1076,4,2
uniform,1077,5,6
uniform,1078,6,14
uniform,1079,7,10
uniform,1080,8,10
uniform,1081,9,12
uniform,1082,10,2
uniform,1083,11,5
uniform,1084,12,4
uniform,1085,13,12
uniform,1086,14,9
uniform,1087,15,5
uniform,1088,0,4
uniform,1089,1,4
uniform,1090,2,11
uniform,1091,3,0
uniform,1092,4,1
uniform,1093,5,3
uniform,1094,6,0
uniform,1095,7,15
uniform,1096,8,0
uniform,1097,9,2
uniform,1098,10,4
uniform,1099,11,8
uniform,1100,12,14
uniform,1101,13,12
uniform,1102,14,5
uniform,1103,15,7
uniform,1104,0,6
uniform,1105,1,8
uniform,1106,2,14
uniform,1107,3,8
uniform,1108,4,6
uniform,1109,5,6
uniform,1110,6,4
uniform,1111,7,10
uniform,1112,8,9
uniform,1113,9,6
uniform,1114,10,3
uniform,1115,11,7
uniform,1116,12,3
uniform,1117,13,10
uniform,1118,14,7
uniform,1119,15,1
uniform,1120,0,6
uniform,1121,1,6
uniform,1122,2,14
uniform,1123,3,15
uniform,1124,4,6
uniform,1125,5,11
uniform,1126,6,11
uniform,1127,7,8
uniform,1128,8,2
uniform,1129,9,5
uniform,1130,10,14
uniform,1131,11,7
uniform,1132,12,4
uniform,1133,13,0
uniform,1134,14,0
uniform,1135,15,1
uniform,1136,0,11
uniform,1137,1,2
uniform,1138,2,10
uniform,1139,3,15
uniform,1140,4,13
uniform,1141,5,15
uniform,1142,6,7
uniform,1143,7,14
uniform,1144,8,10
uniform,1145,9,1
uniform,1146,10,12
uniform,1147,11,13
uniform,1148,12,13
uniform,1149,13,14
uniform,1150,14,4
uniform,1151,15,8
uniform,1152,0,4
uniform,1153,1,13
uniform,1154,2,9
uniform,1155,3,8
uniform,1156,4,0
uniform,1157,5,15
uniform,1158,6,3
uniform,1159,7,12
uniform,1160,8,13
uniform,1161,9,3
uniform,1162,10,8
uniform,1163,11,5
uniform,1164,12,14
uniform,1165,13,4
uniform,1166,14,1
uniform,1167,15,5
uniform,1168,0,11
uniform,1169,1,13
uniform,1170,2,15
uniform,1171,3,12
uniform,1172,4,7
uniform,1173,5,14
uniform,1174,6,3
uniform,1175,7,10
uniform,1176,8,7
uniform,1177,9,11
uniform,1178,10,6
uniform,1179,11,0
uniform,1180,12,3
uniform,1181,13,15
uniform,1182,14,9
uniform,1183,15,4
uniform,1184,0,14
uniform,1185,1,6
uniform,1186,2,8
uniform,1187,3,13
uniform,1188,4,1
uniform,1189,5,2
uniform,1190,6,9
uniform,1191,7,10
uniform,1192,8,1
uniform,1193,9,5
uniform,1194,10,3
uniform,1195,11,14
uniform,1196,12,2
uniform,1197,13,15
uniform,1198,14,13
uniform,1199,15,4
uniform,1200,0,13
uniform,1201,1,2
uniform,1202,2,10
uniform,1203,3,12
uniform,1204,4,0
uniform,1205,5,7
uniform,1206,6,14
uniform,1207,7,11
uniform,1208,8,11
uniform,1209,9,14
uniform,1210,10,11
uniform,1211,11,10
uniform,1212,12,8
uniform,1213,13,10
uniform,1214,14,0
uniform,1215,15,6
uniform,1216,0,15
uniform,1217,1,6
uniform,1218,2,10
uniform,1219,3,2
uniform,1220,4,12
uniform,1221,5,9
uniform,1222,6,7
uniform,1223,7,4
uniform,1224,8,6
uniform,1225,9,7
uniform,1226,10,14
uniform,1227,11,5
uniform,1228,12,6
uniform,1229,13,15
uniform,1230,14,8
uniform,1231,15,7
uniform,1232,0,2
uniform,1233,1,7
uniform,1234,2,13
uniform,1235,3,2
uniform,1236,4,0
uniform,1237,5,2
uniform,1238,6,9
uniform,1239,7,11
uniform,1240,8,0
uniform,1241,9,1
uniform,1242,10,14
uniform,1243,11,1
uniform,1244,12,5
uniform,1245,13,9
uniform,1246,14,1
uniform,1247,15,11
uniform,1248,0,3
uniform,1249,1,4
uniform,1250,2,1
uniform,1251,3,1
uniform,1252,4,1
uniform,1253,5,6
uniform,1254,6,2
uniform,1255,7,5
uniform,1256,8,15
uniform,1257,9,2
uniform,1258,10,14
uniform,1259,11,12
uniform,1260,12,14
uniform,1261,13,6
uniform,1262,14,13
uniform,1263,15,7
uniform,1264,0,12
uniform,1265,1,4
uniform,1266,2,10
uniform,1267,3,11
uniform,1268,4,12
uniform,1269,5,0
uniform,1270,6,4
uniform,1271,7,4
uniform,1272,8,7
uniform,1273,9,1
uniform,1274,10,3
uniform,1275,11,10
uniform,1276,12,15
uniform,1277,13,9
uniform,1278,14,7
uniform,1279,15,9
uniform,1280,0,9
uniform,1281,1,7
uniform,1282,2,15
uniform,1283,3,7
uniform,1284,4,3
uniform,1285,5,9
uniform,1286,6,9
uniform,1287,7,1
uniform,1288,8,3
uniform,1289,9,10
uniform,1290,10,1
uniform,1291,11,6
uniform,1292,12,3
uniform,1293,13,7
uniform,1294,14,8
uniform,1295,15,5
uniform,1296,0,10
uniform,1297,1,5
uniform,1298,2,7
uniform,1299,3,4
uniform,1300,4,6
uniform,1301,5,15
uniform,1302,6,4
uniform,1303,7,0
uniform,1304,8,1
uniform,1305,9,5
uniform,1306,10,9
uniform,1307,11,13
uniform,1308,12,9
uniform,1309,13,9
uniform,1310,14,11
uniform,1311,15,6
uniform,1312,0,2
uniform,1313,1,9
uniform,1314,2,5
uniform,1315,3,5
uniform,1316,4,15
uniform,1317,5,6
uniform,1318,6,0
uniform,1319,7,6
uniform,1320,8,5
uniform,1321,9,11
uniform,1322,10,9
uniform,1323,11,13
uniform,1324,12,13
uniform,1325,13,10
uniform,1326,14,15
uniform,1327,15,0
uniform,1328,0,5
uniform,1329,1,11
uniform,1330,2,9
uniform,1331,3,6
uniform,1332,4,11
uniform,1333,5,1
uniform,1334,6,1
uniform,1335,7,5
uniform,1336,8,0
uniform,1337,9,10
uniform,1338,10,6
uniform,1339,11,2
uniform,1340,12,5
uniform,1341,13,10
uniform,1342,14,13
uniform,1343,15,4
uniform,1344,0,3
uniform,1345,1,7
uniform,1346,2,8
uniform,1347,3,15
uniform,1348,4,11
uniform,1349,5,15
uniform,1350,6,11
uniform,1351,7,6
uniform,1352,8,11
uniform,1353,9,6
uniform,1354,10,12
uniform,1355,11,6
uniform,1356,12,14
uniform,1357,13,15
uniform,1358,14,3
uniform,1359,15,0
uniform,1360,0,5
uniform,1361,1,7
uniform,1362,2,5
uniform,1363,3,6
uniform,1364,4,15
uniform,1365,5,12
uniform,1366,6,13
uniform,1367,7,15
uniform,1368,8,1
uniform,1369,9,3
uniform,1370,10,8
uniform,1371,11,12
uniform,1372,12,0
uniform,1373,13,0
uniform,1374,14,13
uniform,1375,15,12
uniform,1376,0,6
uniform,1377,1,8
uniform,1378,2,10
uniform,1379,3,12
uniform,1380,4,12
uniform,1381,5,12
uniform,1382,6,15
uniform,1383,7,1
uniform,1384,8,7
uniform,1385,9,7
uniform,1386,10,11
uniform,1387,11,15
uniform,1388,12,13
uniform,1389,13,2
uniform,1390,14,8
uniform,1391,15,0
uniform,1392,0,4
uniform,1393,1,2
uniform,1394,2,6
uniform,1395,3,0
uniform,1396,4,8
uniform,1397,5,2
uniform,1398,6,7
uniform,1399,7,9
uniform,1400,8,2
uniform,1401,9,6
uniform,1402,10,7
uniform,1403,11,6
uniform,1404,12,8
uniform,1405,13,1
uniform,1406,14,6
uniform,1407,15,2
uniform,1408,0,15
uniform,1409,1,4
uniform,1410,2,14
uniform,1411,3,12
uniform,1412,4,11
uniform,1413,5,2
uniform,1414,6,2
uniform,1415,7,13
uniform,1416,8,12
uniform,1417,9,10
uniform,1418,10,2
uniform,1419,11,12
uniform,1420,12,15
uniform,1421,13,11
uniform,1422,14,9
uniform,1423,15,2
uniform,1424,0,11
uniform,1425,1,6
uniform,1426,2,13
uniform,1427,3,2
uniform,1428,4,13
uniform,1429,5,6
uniform,1430,6,12
uniform,1431,7,14
uniform,1432,8,13
uniform,1433,9,10
uniform,1434,10,13
uniform,1435,11,9
uniform,1436,12,9
uniform,1437,13,6
uniform,1438,14,5
uniform,1439,15,5
uniform,1440,0,7
uniform,1441,1,3
uniform,1442,2,10
uniform,1443,3,5
uniform,1444,4,11
uniform,1445,5,4
uniform,1446,6,13
uniform,1447,7,0
uniform,1448,8,0
uniform,1449,9,5
uniform,1450,10,15
uniform,1451,11,9
uniform,1452,12,13
uniform,1453,13,8
uniform,1454,14,9
uniform,1455,15,0
uniform,1456,0,11
uniform,1457,1,9
uniform,1458,2,5
uniform,1459,3,15
uniform,1460,4,8
uniform,1461,5,0
uniform,1462,6,7
uniform,1463,7,3
uniform,1464,8,12
uniform,1465,9,0
uniform,1466,10,3
uniform,1467,11,1
uniform,1468,12,1
uniform,1469,13,6
uniform,1470,14,8
uniform,1471,15,5
uniform,1472,0,8
uniform,1473,1,9
uniform,1474,2,10
uniform,1475,3,11
uniform,1476,4,9
uniform,1477,5,0
uniform,1478,6,9
uniform,1479,7,4
uniform,1480,8,1
uniform,1481,9,6
uniform,1482,10,7
uniform,1483,11,5
uniform,1484,12,7
uniform,1485,13,4
uniform,1486,14,5
uniform,1487,15,9
uniform,1488,0,14
uniform,1489,1,5
uniform,1490,2,12
uniform,1491,3,15
uniform,1492,4,11
uniform,1493,5,11
uniform,1494,6,4
uniform,1495,7,12
uniform,1496,8,1
uniform,1497,9,10
uniform,1498,10,2
uniform,1499,11,5
uniform,1500,12,9
uniform,1501,13,12
uniform,1502,14,0
uniform,1503,15,10
uniform,1504,0,5
uniform,1505,1,7
uniform,1506,2,6
uniform,1507,3,0
uniform,1508,4,10
uniform,1509,5,2
uniform,1510,6,2
uniform,1511,7,1
uniform,1512,8,3
uniform,1513,9,11
uniform,1514,10,14
uniform,1515,11,7
uniform,1516,12,11
uniform,1517,13,8
uniform,1518,14,0
uniform,1519,15,7
uniform,1520,0,2
uniform,1521,1,8
uniform,1522,2,11
uniform,1523,3,13
uniform,1524,4,1
uniform,1525,5,4
uniform,1526,6,10
uniform,1527,7,1
uniform,1528,8,12
uniform,1529,9,3
uniform,1530,10,9
uniform,1531,11,14
uniform,1532,12,15
uniform,1533,13,7
uniform,1534,14,6
uniform,1535,15,8
uniform,1536,0,15
uniform,1537,1,0
uniform,1538,2,11
uniform,1539,3,8
uniform,1540,4,5
uniform,1541,5,15
uniform,1542,6,2
uniform,1543,7,13
uniform,1544,8,7
uniform,1545,9,14
uniform,1546,10,9
uniform,1547,11,15
uniform,1548,12,2
uniform,1549,13,10
uniform,1550,14,2
uniform,1551,15,1
uniform,1552,0,9
uniform,1553,1,12
uniform,1554,2,6
uniform,1555,3,7
uniform,1556,4,11
uniform,1557,5,6
uniform,1558,6,7
uniform,1559,7,11
uniform,1560,8,3
uniform,1561,9,11
uniform,1562,10,12
uniform,1563,11,15
uniform,1564,12,13
uniform,1565,13,6
uniform,1566,14,3
uniform,1567,15,2
uniform,1568,0,13
uniform,1569,1,10
uniform,1570,2,14
uniform,1571,3,15
uniform,1572,4,7
uniform,1573,5,6
uniform,1574,6,9
uniform,1575,7,11
uniform,1576,8,7
uniform,1577,9,0
uniform,1578,10,1
uniform,1579,11,8
uniform,1580,12,3
uniform,1581,13,9
uniform,1582,14,11
uniform,1583,15,11
uniform,1584,0,9
uniform,1585,1,0
uniform,1586,2,12
uniform,1587,3,1
uniform,1588,4,3
uniform,1589,5,0
uniform,1590,6,15
uniform,1591,7,10
uniform,1592,8,12
uniform,1593,9,10
uniform,1594,10,5
uniform,1595,11,13
uniform,1596,12,6
uniform,1597,13,11
uniform,1598,14,13
uniform,1599,15,6
uniform,1600,0,7
uniform,1601,1,14
uniform,1602,2,11
uniform,1603,3,13
uniform,1604,4,8
uniform,1605,5,8
uniform,1606,6,9
uniform,1607,7,4
uniform,1608,8,0
uniform,1609,9,10
uniform,1610,10,13
uniform,1611,11,9
uniform,1612,12,3
uniform,1613,13,10
uniform,1614,14,8
uniform,1615,15,2
uniform,1616,0,15
uniform,1617,1,8
uniform,1618,2,8
uniform,1619,3,1
uniform,1620,4,8
uniform,1621,5,3
uniform,1622,6,13
uniform,1623,7,9
uniform,1624,8,13
uniform,1625,9,7
uniform,1626,10,11
uniform,1627,11,9
uniform,1628,12,3
uniform,1629,13,15
uniform,1630,14,15
uniform,1631,15,12
uniform,1632,0,5
uniform,1633,1,11
uniform,1634,2,0
uniform,1635,3,10
uniform,1636,4,15
uniform,1637,5,11
uniform,1638,6,9
uniform,1639,7,4
uniform,1640,8,11
uniform,1641,9,3
uniform,1642,10,13
uniform,1643,11,2
uniform,1644,12,8
uniform,1645,13,5
uniform,1646,14,0
uniform,1647,15,12
uniform,1648,0,1
uniform,1649,1,9
uniform,1650,2,8
uniform,1651,3,10
uniform,1652,4,10
uniform,1653,5,12
uniform,1654,6,11
uniform,1655,7,2
uniform,1656,8,11
uniform,1657,9,8
uniform,1658,10,12
uniform,1659,11,0
uniform,1660,12,6
uniform,1661,13,1
uniform,1662,14,12
uniform,1663,15,13
uniform,1664,0,5
uniform,1665,1,14
uniform,1666,2,15
uniform,1667,3,10
uniform,1668,4,11
uniform,1669,5,12
uniform,1670,6,3
uniform,1671,7,6
uniform,1672,8,5
uniform,1673,9,8
uniform,1674,10,4
uniform,1675,11,10
uniform,1676,12,3
uniform,1677,13,1
uniform,1678,14,11
uniform,1679,15,5
uniform,1680,0,8
uniform,1681,1,12
uniform,1682,2,7
uniform,1683,3,13
uniform,1684,4,9
uniform,1685,5,0
uniform,1686,6,9
uniform,1687,7,5
uniform,1688,8,2
uniform,1689,9,7
uniform,1690,10,6
uniform,1691,11,4
uniform,1692,12,2
uniform,1693,13,2
uniform,1694,14,15
uniform,1695,15,0
uniform,1696,0,14
uniform,1697,1,15
uniform,1698,2,11
uniform,1699,3,9
uniform,1700,4,15
uniform,1701,5,1
uniform,1702,6,8
uniform,1703,7,1
uniform,1704,8,4
uniform,1705,9,7
uniform,1706,10,12
uniform,1707,11,9
uniform,1708,12,9
uniform,1709,13,4
uniform,1710,14,6
uniform,1711,15,13
uniform,1712,0,13
uniform,1713,1,15
uniform,1714,2,11
uniform,1715,3,9
uniform,1716,4,7
uniform,1717,5,11
uniform,1718,6,3
uniform,1719,7,1
uniform,1720,8,7
uniform,1721,9,8
uniform,1722,10,6
uniform,1723,11,10
uniform,1724,12,8
uniform,1725,13,6
uniform,1726,14,4
uniform,1727,15,2
uniform,1728,0,8
uniform,1729,1,4
uniform,1730,2,9
uniform,1731,3,13
uniform,1732,4,1
uniform,1733,5,3
uniform,1734,6,5
uniform,1735,7,3
uniform,1736,8,0
uniform,1737,9,8
uniform,1738,10,11
uniform,1739,11,12
uniform,1740,12,14
uniform,1741,13,4
uniform,1742,14,3
uniform,1743,15,10
uniform,1744,0,6
uniform,1745,1,13
uniform,1746,2,9
uniform,1747,3,1
uniform,1748,4,13
uniform,1749,5,12
uniform,1750,6,14
uniform,1751,7,12
uniform,1752,8,5
uniform,1753,9,2
uniform,1754,10,6
uniform,1755,11,1
uniform,1756,12,9
uniform,1757,13,6
uniform,1758,14,4
uniform,1759,15,2
uniform,1760,0,14
uniform,1761,1,8
uniform,1762,2,8
uniform,1763,3,8
uniform,1764,4,6
uniform,1765,5,6
uniform,1766,6,8
uniform,1767,7,14
uniform,1768,8,11
uniform,1769,9,12
uniform,1770,10,11
uniform,1771,11,7
uniform,1772,12,4
uniform,1773,13,6
uniform,1774,14,7
uniform,1775,15,13
uniform,1776,0,4
uniform,1777,1,12
uniform,1778,2,4
uniform,1779,3,5
uniform,1780,4,5
uniform,1781,5,3
uniform,1782,6,10
uniform,1783,7,3
uniform,1784,8,9
uniform,1785,9,2
uniform,1786,10,15
uniform,1787,11,10
uniform,1788,12,4
uniform,1789,13,5
uniform,1790,14,5
uniform,1791,15,11
uniform,1792,0,2
uniform,1793,1,7
uniform,1794,2,0
uniform,1795,3,10
uniform,1796,4,10
uniform,1797,5,13
uniform,1798,6,0
uniform,1799,7,9
uniform,1800,8,7
uniform,1801,9,3
uniform,1802,10,8
uniform,1803,11,4
uniform,1804,12,11
uniform,1805,13,4
uniform,1806,14,4
uniform,1807,15,6
uniform,1808,0,10
uniform,1809,1,2
uniform,1810,2,1
uniform,1811,3,14
uniform,1812,4,6
uniform,1813,5,7
uniform,1814,6,0
uniform,1815,7,13
uniform,1816,8,3
uniform,1817,9,10
uniform,1818,10,1
uniform,1819,11,3
uniform,1820,12,8
uniform,1821,13,5
uniform,1822,14,4
uniform,1823,15,8
uniform,1824,0,5
uniform,1825,1,10
uniform,1826,2,8
uniform,1827,3,5
uniform,1828,4,10
uniform,1829,5,13
uniform,1830,6,0
uniform,1831,7,13
uniform,1832,8,2
uniform,1833,9,14
uniform,1834,10,14
uniform,1835,11,4
uniform,1836,12,5
uniform,1837,13,12
uniform,1838,14,8
uniform,1839,15,9
uniform,1840,0,3
uniform,1841,1,0
uniform,1842,2,7
uniform,1843,3,11
uniform,1844,4,13
uniform,1845,5,4
uniform,1846,6,8
uniform,1847,7,13
uniform,1848,8,3
uniform,1849,9,13
uniform,1850,10,12
uniform,1851,11,8
uniform,1852,12,2
uniform,1853,13,15
uniform,1854,14,12
uniform,1855,15,1
uniform,1856,0,8
uniform,1857,1,5
uniform,1858,2,0
uniform,1859,3,0
uniform,1860,4,15
uniform,1861,5,6
uniform,1862,6,7
uniform,1863,7,9
uniform,1864,8,15
uniform,1865,9,4
uniform,1866,10,3
uniform,1867,11,15
uniform,1868,12,11
uniform,1869,13,8
uniform,1870,14,2
uniform,1871,15,10
uniform,1872,0,12
uniform,1873,1,4
uniform,1874,2,13
uniform,1875,3,8
uniform,1876,4,7
uniform,1877,5,3
uniform,1878,6,5
uniform,1879,7,4
uniform,1880,8,15
uniform,1881,9,14
uniform,1882,10,0
uniform,1883,11,0
uniform,1884,12,10
uniform,1885,13,4
uniform,1886,14,11
uniform,1887,15,0
uniform,1888,0,9
uniform,1889,1,0
uniform,1890,2,1
uniform,1891,3,9
uniform,1892,4,15
uniform,1893,5,9
uniform,1894,6,11
uniform,1895,7,10
uniform,1896,8,0
uniform,1897,9,13
uniform,1898,10,15
uniform,1899,11,7
uniform,1900,12,15
uniform,1901,13,15
uniform,1902,14,2
uniform,1903,15,7
uniform,1904,0,11
uniform,1905,1,8
uniform,1906,2,5
uniform,1907,3,2
uniform,1908,4,12
uniform,1909,5,11
uniform,1910,6,11
uniform,1911,7,10
uniform,1912,8,15
uniform,1913,9,15
uniform,1914,10,7
uniform,1915,11,3
uniform,1916,12,11
uniform,1917,13,4
uniform,1918,14,9
uniform,1919,15,8
uniform,1920,0,2
uniform,1921,1,13
uniform,1922,2,9
uniform,1923,3,4
uniform,1924,4,11
uniform,1925,5,1
uniform,1926,6,4
uniform,1927,7,15
uniform,1928,8,9
uniform,1929,9,10
uniform,1930,10,1
uniform,1931,11,6
uniform,1932,12,13
uniform,1933,13,3
uniform,1934,14,4
uniform,1935,15,9
uniform,1936,0,8
uniform,1937,1,9
uniform,1938,2,6
uniform,1939,3,12
uniform,1940,4,2
uniform,1941,5,0
uniform,1942,6,5
uniform,1943,7,9
uniform,1944,8,3
uniform,1945,9,14
uniform,1946,10,1
uniform,1947,11,3
uniform,1948,12,2
uniform,1949,13,3
uniform,1950,14,0
uniform,1951,15,14
uniform,1952,0,12
uniform,1953,1,7
uniform,1954,2,8
uniform,1955,3,0
uniform,1956,4,12
uniform,1957,5,3
uniform,1958,6,11
uniform,1959,7,13
uniform,1960,8,12
uniform,1961,9,1
uniform,1962,10,5
uniform,1963,11,0
uniform,1964,12,15
uniform,1965,13,10
uniform,1966,14,3
uniform,1967,15,0
uniform,1968,0,2
uniform,1969,1,10
uniform,1970,2,9
uniform,1971,3,0
uniform,1972,4,3
uniform,1973,5,4
uniform,1974,6,0
uniform,1975,7,15
uniform,1976,8,9
uniform,1977,9,5
uniform,1978,10,5
uniform,1979,11,14
uniform,1980,12,15
uniform,1981,13,4
uniform,1982,14,1
uniform,1983,15,7
uniform,1984,0,15
uniform,1985,1,2
uniform,1986,2,15
uniform,1987,3,0
uniform,1988,4,0
uniform,1989,5,8
uniform,1990,6,10
uniform,1991,7,6
uniform,1992,8,1
uniform,1993,9,8
uniform,1994,10,2
uniform,1995,11,15
uniform,1996,12,14
uniform,1997,13,3
uniform,1998,14,9
uniform,1999,15,9
uniform,2000,0,9
uniform,2001,1,10
uniform,2002,2,13
uniform,2003,3,10
uniform,2004,4,14
uniform,2005,5,4
uniform,2006,6,13
uniform,2007,7,9
uniform,2008,8,13
uniform,2009,9,5
uniform,2010,10,14
uniform,2011,11,10
uniform,2012,12,1
uniform,2013,13,10
uniform,2014,14,6
uniform,2015,15,1
uniform,2016,0,3
uniform,2017,1,2
uniform,2018,2,4
uniform,2019,3,10
uniform,2020,4,7
uniform,2021,5,8
uniform,2022,6,14
uniform,2023,7,6
uniform,2024,8,6
uniform,2025,9,13
uniform,2026,10,6
uniform,2027,11,9
uniform,2028,12,14
uniform,2029,13,15
uniform,2030,14,1
uniform,2031,15,12
uniform,2032,0,13
uniform,2033,1,10
uniform,2034,2,11
uniform,2035,3,15
uniform,2036,4,2
uniform,2037,5,9
uniform,2038,6,2
uniform,2039,7,6
uniform,2040,8,6
uniform,2041,9,4
uniform,2042,10,6
uniform,2043,11,9
uniform,2044,12,5
uniform,2045,13,11
uniform,2046,14,10
uniform,2047,15,13
uniform,2048,0,8
uniform,2049,1,11
uniform,2050,2,10
uniform,2051,3,7
uniform,2052,4,3
uniform,2053,5,4
uniform,2054,6,12
uniform,2055,7,2
uniform,2056,8,3
uniform,2057,9,7
uniform,2058,10,11
uniform,2059,11,10
uniform,2060,12,13
uniform,2061,13,0
uniform,2062,14,1
uniform,2063,15,12
uniform,2064,0,9
uniform,2065,1,12
uniform,2066,2,11
uniform,2067,3,0
uniform,2068,4,5
uniform,2069,5,3
uniform,2070,6,1
uniform,2071,7,15
uniform,2072,8,1
uniform,2073,9,4
uniform,2074,10,9
uniform,2075,11,5
uniform,2076,12,6
uniform,2077,13,6
uniform,2078,14,3
uniform,2079,15,0
uniform,2080,0,9
uniform,2081,1,5
uniform,2082,2,6
uniform,2083,3,1
uniform,2084,4,12
uniform,2085,5,15
uniform,2086,6,5
uniform,2087,7,11
uniform,2088,8,4
uniform,2089,9,2
uniform,2090,10,2
uniform,2091,11,6
uniform,2092,12,0
uniform,2093,13,2
uniform,2094,14,8
uniform,2095,15,1
uniform,2096,0,7
uniform,2097,1,13
uniform,2098,2,11
uniform,2099,3,9
uniform,2100,4,9
uniform,2101,5,11
uniform,2102,6,10
uniform,2103,7,12
uniform,2104,8,4
uniform,2105,9,3
uniform,2106,10,14
uniform,2107,11,3
uniform,2108,12,13
uniform,2109,13,10
uniform,2110,14,8
uniform,2111,15,0
uniform,2112,0,2
uniform,2113,1,4
uniform,2114,2,13
uniform,2115,3,7
uniform,2116,4,12
uniform,2117,5,8
uniform,2118,6,1
uniform,2119,7,1
uniform,2120,8,13
uniform,2121,9,1
uniform,2122,10,14
uniform,2123,11,12
uniform,2124,12,8
uniform,2125,13,10
uniform,2126,14,9
uniform,2127,15,4
uniform,2128,0,10
uniform,2129,1,6
uniform,2130,2,3
uniform,2131,3,5
uniform,2132,4,10
uniform,2133,5,10
uniform,2134,6,0
uniform,2135,7,8
uniform,2136,8,10
uniform,2137,9,1
uniform,2138,10,3
uniform,2139,11,8
uniform,2140,12,10
uniform,2141,13,0
uniform,2142,14,1
uniform,2143,15,8
uniform,2144,0,6
uniform,2145,1,8
uniform,2146,2,5
uniform,2147,3,11
uniform,2148,4,0
uniform,2149,5,13
uniform,2150,6,14
uniform,2151,7,13
uniform,2152,8,14
uniform,2153,9,11
uniform,2154,10,15
uniform,2155,11,2
uniform,2156,12,1
uniform,2157,13,3
uniform,2158,14,5
uniform,2159,15,13
uniform,2160,0,11
uniform,2161,1,13
uniform,2162,2,15
uniform,2163,3,10
uniform,2164,4,12
uniform,2165,5,7
uniform,2166,6,4
uniform,2167,7,11
uniform,2168,8,10
uniform,2169,9,10
uniform,2170,10,1
uniform,2171,11,15
uniform,2172,12,8
uniform,2173,13,15
uniform,2174,14,4
uniform,2175,15,3
uniform,2176,0,15
uniform,2177,1,15
uniform,2178,2,15
uniform,2179,3,12
uniform,2180,4,6
uniform,2181,5,13
uniform,2182,6,2
uniform,2183,7,15
uniform,2184,8,9
uniform,2185,9,11
uniform,2186,10,6
uniform,2187,11,13
uniform,2188,12,6
uniform,2189,13,6
uniform,2190,14,5
uniform,2191,15,11
uniform,2192,0,11
uniform,2193,1,9
uniform,2194,2,13
uniform,2195,3,5
uniform,2196,4,3
uniform,2197,5,14
uniform,2198,6,2
uniform,2199,7,8
uniform,2200,8,6
uniform,2201,9,2
uniform,2202,10,12
uniform,2203,11,6
uniform,2204,12,1
uniform,2205,13,11
uniform,2206,14,2
uniform,2207,15,2
uniform,2208,0,12
uniform,2209,1,7
uniform,2210,2,15
uniform,2211,3,10
uniform,2212,4,10
uniform,2213,5,0
uniform,2214,6,2
uniform,2215,7,14
uniform,2216,8,6
uniform,2217,9,0
uniform,2218,10,12
uniform,2219,11,4
uniform,2220,12,5
uniform,2221,13,4
uniform,2222,14,15
uniform,2223,15,0
uniform,2224,0,15
uniform,2225,1,12
uniform,2226,2,15
uniform,2227,3,0
uniform,2228,4,14
uniform,2229,5,9
uniform,2230,6,4
uniform,2231,7,13
uniform,2232,8,3
uniform,2233,9,4
uniform,2234,10,4
uniform,2235,11,14
uniform,2236,12,2
uniform,2237,13,10
uniform,2238,14,13
uniform,2239,15,11
uniform,2240,0,15
uniform,2241,1,0
uniform,2242,2,10
uniform,2243,3,14
uniform,2244,4,10
uniform,2245,5,13
uniform,2246,6,1
uniform,2247,7,2
uniform,2248,8,4
uniform,2249,9,2
uniform,2250,10,9
uniform,2251,11,5
uniform,2252,12,15
uniform,2253,13,11
uniform,2254,14,8
uniform,2255,15,2
uniform,2256,0,3
uniform,2257,1,2
uniform,2258,2,15
uniform,2259,3,13
uniform,2260,4,12
uniform,2261,5,13
uniform,2262,6,2
uniform,2263,7,13
uniform,2264,8,13
uniform,2265,9,1
uniform,2266,10,13
uniform,2267,11,6
uniform,2268,12,2
uniform,2269,13,12
uniform,2270,14,6
uniform,2271,15,10
uniform,2272,0,15
uniform,2273,1,6
uniform,2274,2,12
uniform,2275,3,15
uniform,2276,4,3
uniform,2277,5,10
uniform,2278,6,14
uniform,2279,7,12
uniform,2280,8,1
uniform,2281,9,13
uniform,2282,10,5
uniform,2283,11,15
uniform,2284,12,10
uniform,2285,13,1
uniform,2286,14,9
uniform,2287,15,7
uniform,2288,0,13
uniform,2289,1,4
uniform,2290,2,7
uniform,2291,3,15
uniform,2292,4,0
uniform,2293,5,13
uniform,2294,6,2
uniform,2295,7,6
uniform,2296,8,14
uniform,2297,9,5
uniform,2298,10,15
uniform,2299,11,10
uniform,2300,12,0
uniform,2301,13,12
uniform,2302,14,10
uniform,2303,15,11
uniform,2304,0,3
uniform,2305,1,13
uniform,2306,2,10
uniform,2307,3,15
uniform,2308,4,7
uniform,2309,5,11
uniform,2310,6,0
uniform,2311,7,4
uniform,2312,8,3
uniform,2313,9,7
uniform,2314,10,14
uniform,2315,11,8
uniform,2316,12,0
uniform,2317,13,7
uniform,2318,14,1
uniform,2319,15,0
uniform,2320,0,10
uniform,2321,1,6
uniform,2322,2,8
uniform,2323,3,15
uniform,2324,4,10
uniform,2325,5,15
uniform,2326,6,14
uniform,2327,7,15
uniform,2328,8,2
uniform,2329,9,5
uniform,2330,10,15
uniform,2331,11,0
uniform,2332,12,1
uniform,2333,13,14
uniform,2334,14,3
uniform,2335,15,13
uniform,2336,0,3
uniform,2337,1,2
uniform,2338,2,8
uniform,2339,3,4
uniform,2340,4,3
uniform,2341,5,14
uniform,2342,6,15
uniform,2343,7,5
uniform,2344,8,15
uniform,2345,9,1
uniform,2346,10,11
uniform,2347,11,4
uniform,2348,12,10
uniform,2349,13,9
uniform,2350,14,13
uniform,2351,15,1
uniform,2352,0,8
uniform,2353,1,5
uniform,2354,2,4
uniform,2355,3,2
uniform,2356,4,0
uniform,2357,5,7
uniform,2358,6,13
uniform,2359,7,15
uniform,2360,8,11
uniform,2361,9,7
uniform,2362,10,9
uniform,2363,11,7
uniform,2364,12,5
uniform,2365,13,14
uniform,2366,14,1
uniform,2367,15,10
uniform,2368,0,10
uniform,2369,1,6
uniform,2370,2,11
uniform,2371,3,15
uniform,2372,4,8
uniform,2373,5,2
uniform,2374,6,13
uniform,2375,7,11
uniform,2376,8,9
uniform,2377,9,14
uniform,2378,10,5
uniform,2379,11,4
uniform,2380,12,6
uniform,2381,13,12
uniform,2382,14,15
uniform,2383,15,2
uniform,2384,0,5
uniform,2385,1,4
uniform,2386,2,1
uniform,2387,3,13
uniform,2388,4,11
uniform,2389,5,4
uniform,2390,6,7
uniform,2391,7,8
uniform,2392,8,3
uniform,2393,9,7
uniform,2394,10,6
uniform,2395,11,5
uniform,2396,12,13
uniform,2397,13,8
uniform,2398,14,6
uniform,2399,15,13
uniform,2400,0,4
uniform,2401,1,14
uniform,2402,2,9
uniform,2403,3,2
uniform,2404,4,14
uniform,2405,5,9
uniform,2406,6,3
uniform,2407,7,13
uniform,2408,8,10
uniform,2409,9,1
uniform,2410,10,6
uniform,2411,11,12
uniform,2412,12,7
uniform,2413,13,8
uniform,2414,14,10
uniform,2415,15,13
uniform,2416,0,15
uniform,2417,1,2
uniform,2418,2,15
uniform,2419,3,7
uniform,2420,4,2
uniform,2421,5,9
uniform,2422,6,5
uniform,2423,7,3
uniform,2424,8,14
uniform,2425,9,3
uniform,2426,10,2
uniform,2427,11,1
uniform,2428,12,7
uniform,2429,13,2
uniform,2430,14,8
uniform,2431,15,9
uniform,2432,0,1
uniform,2433,1,11
uniform,2434,2,3
uniform,2435,3,10
uniform,2436,4,7
uniform,2437,5,10
uniform,2438,6,15
uniform,2439,7,14
uniform,2440,8,0
uniform,2441,9,11
uniform,2442,10,5
uniform,2443,11,4
uniform,2444,12,3
uniform,2445,13,5
uniform,2446,14,5
uniform,2447,15,5
uniform,2448,0,15
uniform,2449,1,7
uniform,2450,2,14
uniform,2451,3,11
uniform,2452,4,1
uniform,2453,5,15
uniform,2454,6,5
uniform,2455,7,11
uniform,2456,8,11
uniform,2457,9,13
uniform,2458,10,4
uniform,2459,11,6
uniform,2460,12,2
uniform,2461,13,0
uniform,2462,14,11
uniform,2463,15,5
uniform,2464,0,6
uniform,2465,1,11
uniform,2466,2,3
uniform,2467,3,1
uniform,2468,4,1
uniform,2469,5,4
uniform,2470,6,10
uniform,2471,7,9
uniform,2472,8,1
uniform,2473,9,4
uniform,2474,10,15
uniform,2475,11,6
uniform,2476,12,14
uniform,2477,13,2
uniform,2478,14,8
uniform,2479,15,9
uniform,2480,0,6
uniform,2481,1,6
uniform,2482,2,11
uniform,2483,3,2
uniform,2484,4,9
uniform,2485,5,12
uniform,2486,6,10
uniform,2487,7,0
uniform,2488,8,13
uniform,2489,9,1
uniform,2490,10,4
uniform,2491,11,12
uniform,2492,12,8
uniform,2493,13,10
uniform,2494,14,0
uniform,2495,15,13
uniform,2496,0,12
uniform,2497,1,2
uniform,2498,2,13
uniform,2499,3,6
uniform,2500,4,14
uniform,2501,5,4
uniform,2502,6,7
uniform,2503,7,6
uniform,2504,8,7
uniform,2505,9,5
uniform,2506,10,5
uniform,2507,11,5
uniform,2508,12,11
uniform,2509,13,12
uniform,2510,14,9
uniform,2511,15,14
uniform,2512,0,15
uniform,2513,1,12
uniform,2514,2,10
uniform,2515,3,0
uniform,2516,4,2
uniform,2517,5,9
uniform,2518,6,4
uniform,2519,7,14
uniform,2520,8,2
uniform,2521,9,2
uniform,2522,10,3
uniform,2523,11,9
uniform,2524,12,6
uniform,2525,13,5
uniform,2526,14,5
uniform,2527,15,9
uniform,2528,0,8
uniform,2529,1,9
uniform,2530,2,1
uniform,2531,3,7
uniform,2532,4,10
uniform,2533,5,1
uniform,2534,6,12
uniform,2535,7,9
uniform,2536,8,5
uniform,2537,9,6
uniform,2538,10,8
uniform,2539,11,13
uniform,2540,12,6
uniform,2541,13,14
uniform,2542,14,9
uniform,2543,15,11
uniform,2544,0,7
uniform,2545,1,13
uniform,2546,2,10
uniform,2547,3,4
uniform,2548,4,6
uniform,2549,5,11
uniform,2550,6,3
uniform,2551,7,8
uniform,2552,8,14
uniform,2553,9,2
uniform,2554,10,5
uniform,2555,11,4
uniform,2556,12,5
uniform,2557,13,1
uniform,2558,14,3
uniform,2559,15,8
uniform,2560,0,6
uniform,2561,1,10
uniform,2562,2,15
uniform,2563,3,10
uniform,2564,4,15
uniform,2565,5,9
uniform,2566,6,3
uniform,2567,7,3
uniform,2568,8,5
uniform,2569,9,8
uniform,2570,10,0
uniform,2571,11,15
uniform,2572,12,3
uniform,2573,13,14
uniform,2574,14,9
uniform,2575,15,13
uniform,2576,0,7
uniform,2577,1,4
uniform,2578,2,15
uniform,2579,3,9
uniform,2580,4,2
uniform,2581,5,0
uniform,2582,6,5
uniform,2583,7,11
uniform,2584,8,15
uniform,2585,9,10
uniform,2586,10,8
uniform,2587,11,4
uniform,2588,12,3
uniform,2589,13,3
uniform,2590,14,8
uniform,2591,15,4
uniform,2592,0,12
uniform,2593,1,15
uniform,2594,2,4
uniform,2595,3,8
uniform,2596,4,9
uniform,2597,5,12
uniform,2598,6,3
uniform,2599,7,11
uniform,2600,8,15
uniform,2601,9,0
uniform,2602,10,1
uniform,2603,11,15
uniform,2604,12,1
uniform,2605,13,0
uniform,2606,14,10
uniform,2607,15,11
uniform,2608,0,13
uniform,2609,1,13
uniform,2610,2,9
uniform,2611,3,7
uniform,2612,4,8
uniform,2613,5,4
uniform,2614,6,2
uniform,2615,7,4
uniform,2616,8,2
uniform,2617,9,7
uniform,2618,10,3
uniform,2619,11,10
uniform,2620,12,0
uniform,2621,13,12
uniform,2622,14,1
uniform,2623,15,6
uniform,2624,0,2
uniform,2625,1,9
uniform,2626,2,5
uniform,2627,3,7
uniform,2628,4,15
uniform,2629,5,8
uniform,2630,6,4
uniform,2631,7,0
uniform,2632,8,13
uniform,2633,9,4
uniform,2634,10,8
uniform,2635,11,5
uniform,2636,12,4
uniform,2637,13,3
uniform,2638,14,10
uniform,2639,15,9
uniform,2640,0,2
uniform,2641,1,5
uniform,2642,2,10
uniform,2643,3,12
uniform,2644,4,11
uniform,2645,5,2
uniform,2646,6,3
uniform,2647,7,14
uniform,2648,8,6
uniform,2649,9,5
uniform,2650,10,5
uniform,2651,11,3
uniform,2652,12,4
uniform,2653,13,3
uniform,2654,14,6
uniform,2655,15,14
uniform,2656,0,7
uniform,2657,1,15
uniform,2658,2,14
uniform,2659,3,14
uniform,2660,4,6
uniform,2661,5,4
uniform,2662,6,14
uniform,2663,7,14
uniform,2664,8,3
uniform,2665,9,3
uniform,2666,10,3
uniform,2667,11,2
uniform,2668,12,9
uniform,2669,13,11
uniform,2670,14,11
uniform,2671,15,0
uniform,2672,0,11
uniform,2673,1,13
uniform,2674,2,0
uniform,2675,3,6
uniform,2676,4,1
uniform,2677,5,0
uniform,2678,6,12
uniform,2679,7,9
uniform,2680,8,13
uniform,2681,9,13
uniform,2682,10,1
uniform,2683,11,10
uniform,2684,12,6
uniform,2685,13,9
uniform,2686,14,9
uniform,2687,15,1
uniform,2688,0,8
uniform,2689,1,7
uniform,2690,2,4
uniform,2691,3,10
uniform,2692,4,14
uniform,2693,5,3
uniform,2694,6,0
uniform,2695,7,14
uniform,2696,8,6
uniform,2697,9,0
uniform,2698,10,11
uniform,2699,11,5
uniform,2700,12,2
uniform,2701,13,8
uniform,2702,14,10
uniform,2703,15,11
uniform,2704,0,14
uniform,2705,1,3
uniform,2706,2,3
uniform,2707,3,12
uniform,2708,4,15
uniform,2709,5,11
uniform,2710,6,12
uniform,2711,7,10
uniform,2712,8,15
uniform,2713,9,7
uniform,2714,10,15
uniform,2715,11,8
uniform,2716,12,10
uniform,2717,13,14
uniform,2718,14,12
uniform,2719,15,1
uniform,2720,0,1
uniform,2721,1,15
uniform,2722,2,7
uniform,2723,3,5
uniform,2724,4,3
uniform,2725,5,3
uniform,2726,6,8
uniform,2727,7,0
uniform,2728,8,1
uniform,2729,9,2
uniform,2730,10,3
uniform,2731,11,9
uniform,2732,12,7
uniform,2733,13,1
uniform,2734,14,1
uniform,2735,15,2
uniform,2736,0,14
uniform,2737,1,5
uniform,2738,2,15
uniform,2739,3,6
uniform,2740,4,6
uniform,2741,5,9
uniform,2742,6,5
uniform,2743,7,12
uniform,2744,8,14
uniform,2745,9,3
uniform,2746,10,3
uniform,2747,11,6
uniform,2748,12,0
uniform,2749,13,12
uniform,2750,14,11
uniform,2751,15,5
uniform,2752,0,6
uniform,2753,1,15
uniform,2754,2,0
uniform,2755,3,11
uniform,2756,4,10
uniform,2757,5,10
uniform,2758,6,8
uniform,2759,7,5
uniform,2760,8,15
uniform,2761,9,0
uniform,2762,10,7
uniform,2763,11,0
uniform,2764,12,5
uniform,2765,13,11
uniform,2766,14,15
uniform,2767,15,14
uniform,2768,0,10
uniform,2769,1,15
uniform,2770,2,5
uniform,2771,3,14
uniform,2772,4,12
uniform,2773,5,4
uniform,2774,6,12
uniform,2775,7,12
uniform,2776,8,2
uniform,2777,9,14
uniform,2778,10,3
uniform,2779,11,9
uniform,2780,12,5
uniform,2781,13,7
uniform,2782,14,8
uniform,2783,15,10
uniform,2784,0,9
uniform,2785,1,12
uniform,2786,2,3
uniform,2787,3,5
uniform,2788,4,10
uniform,2789,5,4
uniform,2790,6,0
uniform,2791,7,6
uniform,2792,8,9
uniform,2793,9,6
uniform,2794,10,5
uniform,2795,11,6
uniform,2796,12,3
uniform,2797,13,12
uniform,2798,14,5
uniform,2799,15,1
uniform,2800,0,12
uniform,2801,1,2
uniform,2802,2,6
uniform,2803,3,0
uniform,2804,4,10
uniform,2805,5,1
uniform,2806,6,9
uniform,2807,7,1
uniform,2808,8,0
uniform,2809,9,8
uniform,2810,10,1
uniform,2811,11,1
uniform,2812,12,2
uniform,2813,13,14
uniform,2814,14,7
uniform,2815,15,1
uniform,2816,0,4
uniform,2817,1,3
uniform,2818,2,5
uniform,2819,3,11
uniform,2820,4,11
uniform,2821,5,9
uniform,2822,6,5
uniform,2823,7,8
uniform,2824,8,11
uniform,2825,9,0
uniform,2826,10,1
uniform,2827,11,14
uniform,2828,12,10
uniform,2829,13,11
uniform,2830,14,6
uniform,2831,15,14
uniform,2832,0,8
uniform,2833,1,11
uniform,2834,2,8
uniform,2835,3,4
uniform,2836,4,8
uniform,2837,5,9
uniform,2838,6,4
uniform,2839,7,11
uniform,2840,8,3
uniform,2841,9,2
uniform,2842,10,5
uniform,2843,11,5
uniform,2844,12,3
uniform,2845,13,15
uniform,2846,14,10
uniform,2847,15,14
uniform,2848,0,13
uniform,2849,1,3
uniform,2850,2,11
uniform,2851,3,4
uniform,2852,4,6
uniform,2853,5,4
uniform,2854,6,7
uniform,2855,7,1
uniform,2856,8,0
uniform,2857,9,13
uniform,2858,10,15
uniform,2859,11,0
uniform,2860,12,2
uniform,2861,13,14
uniform,2862,14,4
uniform,2863,15,11
uniform,2864,0,2
uniform,2865,1,8
uniform,2866,2,7
uniform,2867,3,8
uniform,2868,4,0
uniform,2869,5,10
uniform,2870,6,12
uniform,2871,7,2
uniform,2872,8,1
uniform,2873,9,10
uniform,2874,10,0
uniform,2875,11,4
uniform,2876,12,9
uniform,2877,13,6
uniform,2878,14,10
uniform,2879,15,2
uniform,2880,0,11
uniform,2881,1,5
uniform,2882,2,6
uniform,2883,3,13
uniform,2884,4,10
uniform,2885,5,0
uniform,2886,6,1
uniform,2887,7,12
uniform,2888,8,12
uniform,2889,9,6
uniform,2890,10,15
uniform,2891,11,14
uniform,2892,12,4
uniform,2893,13,6
uniform,2894,14,4
uniform,2895,15,7
uniform,2896,0,15
uniform,2897,1,5
uniform,2898,2,13
uniform,2899,3,6
uniform,2900,4,1
uniform,2901,5,6
uniform,2902,6,0
uniform,2903,7,3
uniform,2904,8,14
uniform,2905,9,6
uniform,2906,10,9
uniform,2907,11,13
uniform,2908,12,5
uniform,2909,13,10
uniform,2910,14,7
uniform,2911,15,0
uniform,2912,0,7
uniform,2913,1,12
uniform,2914,2,3
uniform,2915,3,6
uniform,2916,4,14
uniform,2917,5,13
uniform,2918,6,3
uniform,2919,7,10
uniform,2920,8,2
uniform,2921,9,13
uniform,2922,10,1
uniform,2923,11,0
uniform,2924,12,10
uniform,2925,13,5
uniform,2926,14,3
uniform,2927,15,2
uniform,2928,0,5
uniform,2929,1,8
uniform,2930,2,6
uniform,2931,3,5
uniform,2932,4,6
uniform,2933,5,1
uniform,2934,6,4
uniform,2935,7,5
uniform,2936,8,9
uniform,2937,9,4
uniform,2938,10,13
uniform,2939,11,9
uniform,2940,12,6
uniform,2941,13,1
uniform,2942,14,15
uniform,2943,15,4
uniform,2944,0,14
uniform,2945,1,14
uniform,2946,2,6
uniform,2947,3,0
uniform,2948,4,5
uniform,2949,5,2
uniform,2950,6,3
uniform,2951,7,12
uniform,2952,8,2
uniform,2953,9,0
uniform,2954,10,13
uniform,2955,11,10
uniform,2956,12,4
uniform,2957,13,14
uniform,2958,14,6
uniform,2959,15,12
uniform,2960,0,10
uniform,2961,1,7
uniform,2962,2,4
uniform,2963,3,5
uniform,2964,4,3
uniform,2965,5,8
uniform,2966,6,2
uniform,2967,7,5
uniform,2968,8,3
uniform,2969,9,10
uniform,2970,10,2
uniform,2971,11,14
uniform,2972,12,15
uniform,2973,13,1
uniform,2974,14,3
uniform,2975,15,4
uniform,2976,0,6
uniform,2977,1,4
uniform,2978,2,7
uniform,2979,3,2
uniform,2980,4,2
uniform,2981,5,12
uniform,2982,6,13
uniform,2983,7,3
uniform,2984,8,10
uniform,2985,9,6
uniform,2986,10,11
uniform,2987,11,14
uniform,2988,12,11
uniform,2989,13,0
uniform,2990,14,8
uniform,2991,15,5
uniform,2992,0,10
uniform,2993,1,6
uniform,2994,2,4
uniform,2995,3,14
uniform,2996,4,14
uniform,2997,5,15
uniform,2998,6,5
uniform,2999,7,0
uniform,3000,8,10
uniform,3001,9,0
uniform,3002,10,9
uniform,3003,11,8
uniform,3004,12,8
uniform,3005,13,4
uniform,3006,14,13
uniform,3007,15,6
uniform,3008,0,1
uniform,3009,1,13
uniform,3010,2,15
uniform,3011,3,10
uniform,3012,4,14
uniform,3013,5,15
uniform,3014,6,9
uniform,3015,7,14
uniform,3016,8,10
uniform,3017,9,5
uniform,3018,10,7
uniform,3019,11,0
uniform,3020,12,15
uniform,3021,13,3
uniform,3022,14,7
uniform,3023,15,0
uniform,3024,0,6
uniform,3025,1,0
uniform,3026,2,12
uniform,3027,3,11
uniform,3028,4,7
uniform,3029,5,9
uniform,3030,6,12
uniform,3031,7,8
uniform,3032,8,2
uniform,3033,9,14
uniform,3034,10,3
uniform,3035,11,4
uniform,3036,12,0
uniform,3037,13,12
uniform,3038,14,15
uniform,3039,15,7
uniform,3040,0,14
uniform,3041,1,8
uniform,3042,2,6
uniform,3043,3,0
uniform,3044,4,11
uniform,3045,5,1
uniform,3046,6,4
uniform,3047,7,10
uniform,3048,8,10
uniform,3049,9,15
uniform,3050,10,13
uniform,3051,11,5
uniform,3052,12,11
uniform,3053,13,1
uniform,3054,14,0
uniform,3055,15,3
uniform,3056,0,9
uniform,3057,1,10
uniform,3058,2,0
uniform,3059,3,10
uniform,3060,4,9
uniform,3061,5,3
uniform,3062,6,7
uniform,3063,7,1
uniform,3064,8,2
uniform,3065,9,12
uniform,3066,10,8
uniform,3067,11,15
uniform,3068,12,13
uniform,3069,13,11
uniform,3070,14,7
uniform,3071,15,4
uniform,3072,0,12
uniform,3073,1,4
uniform,3074,2,15
uniform,3075,3,15
uniform,3076,4,7
uniform,3077,5,9
uniform,3078,6,14
uniform,3079,7,8
uniform,3080,8,6
uniform,3081,9,8
uniform,3082,10,9
uniform,3083,11,14
uniform,3084,12,4
uniform,3085,13,12
uniform,3086,14,13
uniform,3087,15,14
uniform,3088,0,5
uniform,3089,1,2
uniform,3090,2,6
uniform,3091,3,0
uniform,3092,4,6
uniform,3093,5,3
uniform,3094,6,14
uniform,3095,7,5
uniform,3096,8,0
uniform,3097,9,15
uniform,3098,10,4
uniform,3099,11,5
uniform,3100,12,7
uniform,3101,13,10
uniform,3102,14,3
uniform,3103,15,0
uniform,3104,0,3
uniform,3105,1,10
uniform,3106,2,1
uniform,3107,3,2
uniform,3108,4,11
uniform,3109,5,9
uniform,3110,6,4
uniform,3111,7,2
uniform,3112,8,15
uniform,3113,9,12
uniform,3114,10,1
uniform,3115,11,10
uniform,3116,12,5
uniform,3117,13,12
uniform,3118,14,3
uniform,3119,15,3
uniform,3120,0,3
uniform,3121,1,10
uniform,3122,2,4
uniform,3123,3,4
uniform,3124,4,1
uniform,3125,5,10
uniform,3126,6,15
uniform,3127,7,9
uniform,3128,8,11
uniform,3129,9,15
uniform,3130,10,6
uniform,3131,11,3
uniform,3132,12,1
uniform,3133,13,6
uniform,3134,14,3
uniform,3135,15,11
uniform,3136,0,10
uniform,3137,1,9
uniform,3138,2,15
uniform,3139,3,10
uniform,3140,4,9
uniform,3141,5,12
uniform,3142,6,14
uniform,3143,7,1
uniform,3144,8,15
uniform,3145,9,6
uniform,3146,10,9
uniform,3147,11,5
uniform,3148,12,7
uniform,3149,13,8
uniform,3150,14,6
uniform,3151,15,12
uniform,3152,0,10
uniform,3153,1,13
uniform,3154,2,9
uniform,3155,3,15
uniform,3156,4,6
uniform,3157,5,9
uniform,3158,6,12
uniform,3159,7,13
uniform,3160,8,4
uniform,3161,9,4
uniform,3162,10,1
uniform,3163,11,10
uniform,3164,12,7
uniform,3165,13,7
uniform,3166,14,6
uniform,3167,15,0
uniform,3168,0,7
uniform,3169,1,15
uniform,3170,2,11
uniform,3171,3,2
uniform,3172,4,12
uniform,3173,5,0
uniform,3174,6,12
uniform,3175,7,6
uniform,3176,8,5
uniform,3177,9,11
uniform,3178,10,6
uniform,3179,11,0
uniform,3180,12,2
uniform,3181,13,0
uniform,3182,14,11
uniform,3183,15,9
uniform,3184,0,8
uniform,3185,1,9
uniform,3186,2,15
uniform,3187,3,13
uniform,3188,4,14
uniform,3189,5,7
uniform,3190,6,2
uniform,3191,7,6
uniform,3192,8,12
uniform,3193,9,4
uniform,3194,10,13
uniform,3195,11,14
uniform,3196,12,2
uniform,3197,13,12
uniform,3198,14,7
uniform,3199,15,10
uniform,3200,0,12
uniform,3201,1,2
uniform,3202,2,10
uniform,3203,3,12
uniform,3204,4,5
uniform,3205,5,11
uniform,3206,6,15
uniform,3207,7,9
uniform,3208,8,12
uniform,3209,9,3
uniform,3210,10,13
uniform,3211,11,0
uniform,3212,12,4
uniform,3213,13,8
uniform,3214,14,7
uniform,3215,15,11
uniform,3216,0,10
uniform,3217,1,6
uniform,3218,2,3
uniform,3219,3,1
uniform,3220,4,12
uniform,3221,5,9
uniform,3222,6,12
uniform,3223,7,6
uniform,3224,8,13
uniform,3225,9,4
uniform,3226,10,5
uniform,3227,11,9
uniform,3228,12,6
uniform,3229,13,1
uniform,3230,14,15
uniform,3231,15,12
uniform,3232,0,2
uniform,3233,1,6
uniform,3234,2,6
uniform,3235,3,0
uniform,3236,4,15
uniform,3237,5,4
uniform,3238,6,5
uniform,3239,7,4
uniform,3240,8,9
uniform,3241,9,1
uniform,3242,10,12
uniform,3243,11,5
uniform,3244,12,15
uniform,3245,13,7
uniform,3246,14,8
uniform,3247,15,2
uniform,3248,0,6
uniform,3249,1,2
uniform,3250,2,11
uniform,3251,3,15
uniform,3252,4,1
uniform,3253,5,2
uniform,3254,6,10
uniform,3255,7,10
uniform,3256,8,7
uniform,3257,9,15
uniform,3258,10,0
uniform,3259,11,2
uniform,3260,12,1
uniform,3261,13,10
uniform,3262,14,0
uniform,3263,15,5
uniform,3264,0,9
uniform,3265,1,11
uniform,3266,2,14
uniform,3267,3,11
uniform,3268,4,11
uniform,3269,5,6
uniform,3270,6,12
uniform,3271,7,9
uniform,3272,8,0
uniform,3273,9,2
uniform,3274,10,1
uniform,3275,11,9
uniform,3276,12,9
uniform,3277,13,15
uniform,3278,14,0
uniform,3279,15,3
uniform,3280,0,3
uniform,3281,1,6
uniform,3282,2,12
uniform,3283,3,4
uniform,3284,4,11
uniform,3285,5,2
uniform,3286,6,9
uniform,3287,7,11
uniform,3288,8,0
uniform,3289,9,8
uniform,3290,10,13
uniform,3291,11,3
uniform,3292,12,4
uniform,3293,13,0
uniform,3294,14,4
uniform,3295,15,10
uniform,3296,0,2
uniform,3297,1,12
uniform,3298,2,9
uniform,3299,3,11
uniform,3300,4,11
uniform,3301,5,10
uniform,3302,6,14
uniform,3303,7,4
uniform,3304,8,5
uniform,3305,9,0
uniform,3306,10,4
uniform,3307,11,15
uniform,3308,12,10
uniform,3309,13,8
uniform,3310,14,4
uniform,3311,15,12
uniform,3312,0,5
uniform,3313,1,14
uniform,3314,2,5
uniform,3315,3,5
uniform,3316,4,0
uniform,3317,5,0
uniform,3318,6,5
uniform,3319,7,6
uniform,3320,8,11
uniform,3321,9,6
uniform,3322,10,8
uniform,3323,11,14
uniform,3324,12,15
uniform,3325,13,11
uniform,3326,14,4
uniform,3327,15,10
uniform,3328,0,8
uniform,3329,1,8
uniform,3330,2,9
uniform,3331,3,2
uniform,3332,4,10
uniform,3333,5,11
uniform,3334,6,0
uniform,3335,7,9
uniform,3336,8,14
uniform,3337,9,2
uniform,3338,10,5
uniform,3339,11,0
uniform,3340,12,1
uniform,3341,13,5
uniform,3342,14,8
uniform,3343,15,7
uniform,3344,0,6
uniform,3345,1,10
uniform,3346,2,5
uniform,3347,3,6
uniform,3348,4,3
uniform,3349,5,4
uniform,3350,6,4
uniform,3351,7,9
uniform,3352,8,14
uniform,3353,9,13
uniform,3354,10,13
uniform,3355,11,8
uniform,3356,12,1
uniform,3357,13,12
uniform,3358,14,12
uniform,3359,15,13
uniform,3360,0,4
uniform,3361,1,7
uniform,3362,2,0
uniform,3363,3,13
uniform,3364,4,1
uniform,3365,5,7
uniform,3366,6,11
uniform,3367,7,12
uniform,3368,8,10
uniform,3369,9,3
uniform,3370,10,4
uniform,3371,11,0
uniform,3372,12,10
uniform,3373,13,9
uniform,3374,14,11
uniform,3375,15,4
uniform,3376,0,15
uniform,3377,1,10
uniform,3378,2,1
uniform,3379,3,11
uniform,3380,4,2
uniform,3381,5,14
uniform,3382,6,14
uniform,3383,7,3
uniform,3384,8,4
uniform,3385,9,12
uniform,3386,10,2
uniform,3387,11,0
uniform,3388,12,9
uniform,3389,13,8
uniform,3390,14,6
uniform,3391,15,14
uniform,3392,0,12
uniform,3393,1,9
uniform,3394,2,5
uniform,3395,3,15
uniform,3396,4,6
uniform,3397,5,4
uniform,3398,6,9
uniform,3399,7,4
uniform,3400,8,3
uniform,3401,9,2
uniform,3402,10,15
uniform,3403,11,4
uniform,3404,12,15
uniform,3405,13,12
uniform,3406,14,0
uniform,3407,15,11
uniform,3408,0,10
uniform,3409,1,4
uniform,3410,2,14
uniform,3411,3,12
uniform,3412,4,10
uniform,3413,5,7
uniform,3414,6,10
uniform,3415,7,2
uniform,3416,8,1
uniform,3417,9,1
uniform,3418,10,11
uniform,3419,11,6
uniform,3420,12,10
uniform,3421,13,15
uniform,3422,14,3
uniform,3423,15,3
uniform,3424,0,13
uniform,3425,1,15
uniform,3426,2,10
uniform,3427,3,11
uniform,3428,4,8
uniform,3429,5,6
uniform,3430,6,15
uniform,3431,7,5
uniform,3432,8,1
uniform,3433,9,13
uniform,3434,10,11
uniform,3435,11,3
uniform,3436,12,2
uniform,3437,13,5
uniform,3438,14,7
uniform,3439,15,3
uniform,3440,0,13
uniform,3441,1,13
uniform,3442,2,12
uniform,3443,3,15
uniform,3444,4,5
uniform,3445,5,10
uniform,3446,6,9
uniform,3447,7,11
uniform,3448,8,12
uniform,3449,9,2
uniform,3450,10,4
uniform,3451,11,5
uniform,3452,12,2
uniform,3453,13,1
uniform,3454,14,8
uniform,3455,15,4
uniform,3456,0,1
uniform,3457,1,14
uniform,3458,2,9
uniform,3459,3,11
uniform,3460,4,7
uniform,3461,5,6
uniform,3462,6,2
uniform,3463,7,11
uniform,3464,8,2
uniform,3465,9,3
uniform,3466,10,15
uniform,3467,11,12
uniform,3468,12,5
uniform,3469,13,1
uniform,3470,14,6
uniform,3471,15,9
uniform,3472,0,10
uniform,3473,1,8
uniform,3474,2,9
uniform,3475,3,2
uniform,3476,4,10
uniform,3477,5,9
uniform,3478,6,3
uniform,3479,7,13
uniform,3480,8,14
uniform,3481,9,0
uniform,3482,10,12
uniform,3483,11,15
uniform,3484,12,4
uniform,3485,13,0
uniform,3486,14,11
uniform,3487,15,10
uniform,3488,0,2
uniform,3489,1,10
uniform,3490,2,0
uniform,3491,3,0
uniform,3492,4,10
uniform,3493,5,4
uniform,3494,6,5
uniform,3495,7,8
uniform,3496,8,2
uniform,3497,9,7
uniform,3498,10,9
uniform,3499,11,2
uniform,3500,12,5
uniform,3501,13,15
uniform,3502,14,8
uniform,3503,15,6
uniform,3504,0,13
uniform,3505,1,3
uniform,3506,2,10
uniform,3507,3,14
uniform,3508,4,1
uniform,3509,5,14
uniform,3510,6,5
uniform,3511,7,2
uniform,3512,8,12
uniform,3513,9,6
uniform,3514,10,9
uniform,3515,11,13
uniform,3516,12,13
uniform,3517,13,14
uniform,3518,14,1
uniform,3519,15,14
uniform,3520,0,12
uniform,3521,1,8
uniform,3522,2,7
uniform,3523,3,1
uniform,3524,4,15
uniform,3525,5,8
uniform,3526,6,5
uniform,3527,7,0
uniform,3528,8,14
uniform,3529,9,12
uniform,3530,10,6
uniform,3531,11,12
uniform,3532,12,11
uniform,3533,13,3
uniform,3534,14,12
uniform,3535,15,11
uniform,3536,0,8
uniform,3537,1,2
uniform,3538,2,15
uniform,3539,3,7
uniform,3540,4,11
uniform,3541,5,2
uniform,3542,6,1
uniform,3543,7,5
uniform,3544,8,11
uniform,3545,9,11
uniform,3546,10,3
uniform,3547,11,3
uniform,3548,12,4
uniform,3549,13,15
uniform,3550,14,7
uniform,3551,15,4
uniform,3552,0,8
uniform,3553,1,9
uniform,3554,2,15
uniform,3555,3,4
uniform,3556,4,3
uniform,3557,5,4
uniform,3558,6,0
uniform,3559,7,9
uniform,3560,8,13
uniform,3561,9,10
uniform,3562,10,6
uniform,3563,11,14
uniform,3564,12,0
uniform,3565,13,3
uniform,3566,14,0
uniform,3567,15,11
uniform,3568,0,6
uniform,3569,1,11
uniform,3570,2,11
uniform,3571,3,13
uniform,3572,4,1
uniform,3573,5,8
uniform,3574,6,11
uniform,3575,7,1
uniform,3576,8,4
uniform,3577,9,1
uniform,3578,10,8
uniform,3579,11,4
uniform,3580,12,6
uniform,3581,13,0
uniform,3582,14,6
uniform,3583,15,8
uniform,3584,0,3
uniform,3585,1,4
uniform,3586,2,15
uniform,3587,3,15
uniform,3588,4,6
uniform,3589,5,13
uniform,3590,6,14
uniform,3591,7,11
uniform,3592,8,10
uniform,3593,9,7
uniform,3594,10,7
uniform,3595,11,7
uniform,3596,12,15
uniform,3597,13,10
uniform,3598,14,0
uniform,3599,15,3
uniform,3600,0,14
uniform,3601,1,5
uniform,3602,2,6
uniform,3603,3,6
uniform,3604,4,14
uniform,3605,5,6
uniform,3606,6,1
uniform,3607,7,1
uniform,3608,8,1
uniform,3609,9,15
uniform,3610,10,11
uniform,3611,11,3
uniform,3612,12,7
uniform,3613,13,14
uniform,3614,14,5
uniform,3615,15,8
uniform,3616,0,9
uniform,3617,1,9
uniform,3618,2,4
uniform,3619,3,13
uniform,3620,4,13
uniform,3621,5,15
uniform,3622,6,3
uniform,3623,7,5
uniform,3624,8,14
uniform,3625,9,12
uniform,3626,10,0
uniform,3627,11,5
uniform,3628,12,10
uniform,3629,13,1
uniform,3630,14,11
uniform,3631,15,11
uniform,3632,0,14
uniform,3633,1,7
uniform,3634,2,9
uniform,3635,3,11
uniform,3636,4,12
uniform,3637,5,8
uniform,3638,6,8
uniform,3639,7,14
uniform,3640,8,11
uniform,3641,9,0
uniform,3642,10,15
uniform,3643,11,1
uniform,3644,12,9
uniform,3645,13,2
uniform,3646,14,7
uniform,3647,15,10
uniform,3648,0,11
uniform,3649,1,11
uniform,3650,2,8
uniform,3651,3,8
uniform,3652,4,3
uniform,3653,5,7
uniform,3654,6,13
uniform,3655,7,9
uniform,3656,8,5
uniform,3657,9,1
uniform,3658,10,13
uniform,3659,11,6
uniform,3660,12,1
uniform,3661,13,1
uniform,3662,14,12
uniform,3663,15,14
uniform,3664,0,10
uniform,3665,1,14
uniform,3666,2,14
uniform,3667,3,6
uniform,3668,4,11
uniform,3669,5,13
uniform,3670,6,8
uniform,3671,7,5
uniform,3672,8,5
uniform,3673,9,0
uniform,3674,10,4
uniform,3675,11,2
uniform,3676,12,4
uniform,3677,13,0
uniform,3678,14,9
uniform,3679,15,4
uniform,3680,0,2
uniform,3681,1,8
uniform,3682,2,6
uniform,3683,3,9
uniform,3684,4,3
uniform,3685,5,15
uniform,3686,6,8
uniform,3687,7,14
uniform,3688,8,7
uniform,3689,9,11
uniform,3690,10,13
uniform,3691,11,10
uniform,3692,12,8
uniform,3693,13,15
uniform,3694,14,0
uniform,3695,15,14
uniform,3696,0,1
uniform,3697,1,13
uniform,3698,2,8
uniform,3699,3,14
uniform,3700,4,15
uniform,3701,5,0
uniform,3702,6,13
uniform,3703,7,11
uniform,3704,8,4
uniform,3705,9,12
uniform,3706,10,6
uniform,3707,11,9
uniform,3708,12,15
uniform,3709,13,0
uniform,3710,14,13
uniform,3711,15,6
uniform,3712,0,8
uniform,3713,1,11
uniform,3714,2,6
uniform,3715,3,1
uniform,3716,4,13
uniform,3717,5,9
uniform,3718,6,2
uniform,3719,7,8
uniform,3720,8,10
uniform,3721,9,3
uniform,3722,10,11
uniform,3723,11,0
uniform,3724,12,6
uniform,3725,13,5
uniform,3726,14,13
uniform,3727,15,13
uniform,3728,0,10
uniform,3729,1,3
uniform,3730,2,14
uniform,3731,3,14
uniform,3732,4,1
uniform,3733,5,6
uniform,3734,6,1
uniform,3735,7,1
uniform,3736,8,4
uniform,3737,9,3
uniform,3738,10,15
uniform,3739,11,15
uniform,3740,12,8
uniform,3741,13,7
uniform,3742,14,0
uniform,3743,15,1
uniform,3744,0,15
uniform,3745,1,12
uniform,3746,2,1
uniform,3747,3,15
uniform,3748,4,7
uniform,3749,5,0
uniform,3750,6,0
uniform,3751,7,0
uniform,3752,8,7
uniform,3753,9,13
uniform,3754,10,8
uniform,3755,11,2
uniform,3756,12,6
uniform,3757,13,11
uniform,3758,14,13
uniform,3759,15,7
uniform,3760,0,13
uniform,3761,1,6
uniform,3762,2,5
uniform,3763,3,5
uniform,3764,4,12
uniform,3765,5,2
uniform,3766,6,4
uniform,3767,7,15
uniform,3768,8,4
uniform,3769,9,6
uniform,3770,10,7
uniform,3771,11,1
uniform,3772,12,15
uniform,3773,13,0
uniform,3774,14,10
uniform,3775,15,14
uniform,3776,0,6
uniform,3777,1,7
uniform,3778,2,14
uniform,3779,3,8
uniform,3780,4,11
uniform,3781,5,12
uniform,3782,6,14
uniform,3783,7,14
uniform,3784,8,6
uniform,3785,9,13
uniform,3786,10,1
uniform,3787,11,5
uniform,3788,12,7
uniform,3789,13,6
uniform,3790,14,6
uniform,3791,15,10
uniform,3792,0,8
uniform,3793,1,5
uniform,3794,2,9
uniform,3795,3,7
uniform,3796,4,3
uniform,3797,5,1
uniform,3798,6,1
uniform,3799,7,3
uniform,3800,8,4
uniform,3801,9,3
uniform,3802,10,2
uniform,3803,11,15
uniform,3804,12,10
uniform,3805,13,10
uniform,3806,14,3
uniform,3807,15,3
uniform,3808,0,9
uniform,3809,1,15
uniform,3810,2,8
uniform,3811,3,9
uniform,3812,4,8
uniform,3813,5,15
uniform,3814,6,5
uniform,3815,7,4
uniform,3816,8,1
uniform,3817,9,2
uniform,3818,10,8
uniform,3819,11,14
uniform,3820,12,10
uniform,3821,13,4
uniform,3822,14,9
uniform,3823,15,2
uniform,3824,0,6
uniform,3825,1,6
uniform,3826,2,8
uniform,3827,3,8
uniform,3828,4,15
uniform,3829,5,11
uniform,3830,6,2
uniform,3831,7,15
uniform,3832,8,13
uniform,3833,9,0
uniform,3834,10,6
uniform,3835,11,1
uniform,3836,12,3
uniform,3837,13,1
uniform,3838,14,12
uniform,3839,15,8
uniform,3840,0,8
uniform,3841,1,14
uniform,3842,2,6
uniform,3843,3,12
uniform,3844,4,13
uniform,3845,5,13
uniform,3846,6,2
uniform,3847,7,0
uniform,3848,8,3
uniform,3849,9,2
uniform,3850,10,14
uniform,3851,11,10
uniform,3852,12,6
uniform,3853,13,5
uniform,3854,14,12
uniform,3855,15,14
uniform,3856,0,1
uniform,3857,1,4
uniform,3858,2,0
uniform,3859,3,1
uniform,3860,4,0
uniform,3861,5,6
uniform,3862,6,7
uniform,3863,7,0
uniform,3864,8,7
uniform,3865,9,2
uniform,3866,10,14
uniform,3867,11,15
uniform,3868,12,1
uniform,3869,13,5
uniform,3870,14,9
uniform,3871,15,11
uniform,3872,0,14
uniform,3873,1,4
uniform,3874,2,1
uniform,3875,3,10
uniform,3876,4,7
uniform,3877,5,8
uniform,3878,6,3
uniform,3879,7,3
uniform,3880,8,4
uniform,3881,9,5
uniform,3882,10,13
uniform,3883,11,0
uniform,3884,12,10
uniform,3885,13,6
uniform,3886,14,8
uniform,3887,15,1
uniform,3888,0,13
uniform,3889,1,15
uniform,3890,2,12
uniform,3891,3,1
uniform,3892,4,7
uniform,3893,5,2
uniform,3894,6,1
uniform,3895,7,3
uniform,3896,8,10
uniform,3897,9,2
uniform,3898,10,8
uniform,3899,11,2
uniform,3900,12,7
uniform,3901,13,15
uniform,3902,14,9
uniform,3903,15,7
uniform,3904,0,7
uniform,3905,1,14
uniform,3906,2,10
uniform,3907,3,4
uniform,3908,4,12
uniform,3909,5,13
uniform,3910,6,3
uniform,3911,7,13
uniform,3912,8,9
uniform,3913,9,7
uniform,3914,10,5
uniform,3915,11,2
uniform,3916,12,7
uniform,3917,13,4
uniform,3918,14,5
uniform,3919,15,5
uniform,3920,0,11
uniform,3921,1,10
uniform,3922,2,13
uniform,3923,3,8
uniform,3924,4,15
uniform,3925,5,3
uniform,3926,6,8
uniform,3927,7,6
uniform,3928,8,5
uniform,3929,9,7
uniform,3930,10,3
uniform,3931,11,1
uniform,3932,12,7
uniform,3933,13,12
uniform,3934,14,9
uniform,3935,15,7
uniform,3936,0,2
uniform,3937,1,12
uniform,3938,2,1
uniform,3939,3,8
uniform,3940,4,12
uniform,3941,5,11
uniform,3942,6,14
uniform,3943,7,10
uniform,3944,8,15
uniform,3945,9,8
uniform,3946,10,15
uniform,3947,11,4
uniform,3948,12,6
uniform,3949,13,4
uniform,3950,14,8
uniform,3951,15,6
uniform,3952,0,2
uniform,3953,1,11
uniform,3954,2,10
uniform,3955,3,15
uniform,3956,4,13
uniform,3957,5,2
uniform,3958,6,11
uniform,3959,7,5
uniform,3960,8,9
uniform,3961,9,0
uniform,3962,10,9
uniform,3963,11,5
uniform,3964,12,10
uniform,3965,13,7
uniform,3966,14,4
uniform,3967,15,10
uniform,3968,0,6
uniform,3969,1,11
uniform,3970,2,8
uniform,3971,3,9
uniform,3972,4,7
uniform,3973,5,6
uniform,3974,6,8
uniform,3975,7,0
uniform,3976,8,6
uniform,3977,9,6
uniform,3978,10,6
uniform,3979,11,1
uniform,3980,12,14
uniform,3981,13,4
uniform,3982,14,1
uniform,3983,15,13
uniform,3984,0,9
uniform,3985,1,10
uniform,3986,2,4
uniform,3987,3,1
uniform,3988,4,7
uniform,3989,5,8
uniform,3990,6,3
uniform,3991,7,8
uniform,3992,8,15
uniform,3993,9,5
uniform,3994,10,5
uniform,3995,11,15
uniform,3996,12,13
uniform,3997,13,6
uniform,3998,14,6
uniform,3999,15,6
uniform,4000,0,3
uniform,4001,1,13
uniform,4002,2,10
uniform,4003,3,11
uniform,4004,4,3
uniform,4005,5,10
uniform,4006,6,10
uniform,4007,7,15
uniform,4008,8,12
uniform,4009,9,3
uniform,4010,10,8
uniform,4011,11,7
uniform,4012,12,9
uniform,4013,13,2
uniform,4014,14,4
uniform,4015,15,8
uniform,4016,0,2
uniform,4017,1,0
uniform,4018,2,9
uniform,4019,3,9
uniform,4020,4,3
uniform,4021,5,13
uniform,4022,6,10
uniform,4023,7,1
uniform,4024,8,1
uniform,4025,9,7
uniform,4026,10,13
uniform,4027,11,8
uniform,4028,12,15
uniform,4029,13,10
uniform,4030,14,8
uniform,4031,15,3
uniform,4032,0,11
uniform,4033,1,2
uniform,4034,2,9
uniform,4035,3,12
uniform,4036,4,8
uniform,4037,5,3
uniform,4038,6,15
uniform,4039,7,6
uniform,4040,8,6
uniform,4041,9,6
uniform,4042,10,8
uniform,4043,11,13
uniform,4044,12,11
uniform,4045,13,6
uniform,4046,14,8
uniform,4047,15,10
uniform,4048,0,6
uniform,4049,1,10
uniform,4050,2,10
uniform,4051,3,9
uniform,4052,4,3
uniform,4053,5,10
uniform,4054,6,14
uniform,4055,7,0
uniform,4056,8,2
uniform,4057,9,5
uniform,4058,10,4
uniform,4059,11,7
uniform,4060,12,15
uniform,4061,13,0
uniform,4062,14,10
uniform,4063,15,9
uniform,4064,0,15
uniform,4065,1,8
uniform,4066,2,15
uniform,4067,3,10
uniform,4068,4,15
uniform,4069,5,4
uniform,4070,6,4
uniform,4071,7,9
uniform,4072,8,0
uniform,4073,9,1
uniform,4074,10,11
uniform,4075,11,15
uniform,4076,12,3
uniform,4077,13,0
uniform,4078,14,15
uniform,4079,15,2
uniform,4080,0,2
uniform,4081,1,9
uniform,4082,2,12
uniform,4083,3,13
uniform,4084,4,9
uniform,4085,5,3
uniform,4086,6,13
uniform,4087,7,4
uniform,4088,8,3
uniform,4089,9,7
uniform,4090,10,15
uniform,4091,11,6
uniform,4092,12,6
uniform,4093,13,0
uniform,4094,14,11
uniform,4095,15,14
uniform,4096,0,3
uniform,4097,1,2
uniform,4098,2,5
uniform,4099,3,12
uniform,4100,4,15
uniform,4101,5,13
uniform,4102,6,5
uniform,4103,7,4
uniform,4104,8,0
uniform,4105,9,14
uniform,4106,10,9
uniform,4107,11,7
uniform,4108,12,0
uniform,4109,13,8
uniform,4110,14,2
uniform,4111,15,11
uniform,4112,0,1
uniform,4113,1,7
uniform,4114,2,5
uniform,4115,3,14
uniform,4116,4,6
uniform,4117,5,2
uniform,4118,6,9
uniform,4119,7,14
uniform,4120,8,0
uniform,4121,9,3
uniform,4122,10,2
uniform,4123,11,9
uniform,4124,12,15
uniform,4125,13,0
uniform,4126,14,4
uniform,4127,15,6
uniform,4128,0,5
uniform,4129,1,3
uniform,4130,2,14
uniform,4131,3,15
uniform,4132,4,11
uniform,4133,5,9
uniform,4134,6,15
uniform,4135,7,9
uniform,4136,8,3
uniform,4137,9,2
uniform,4138,10,2
uniform,4139,11,8
uniform,4140,12,3
uniform,4141,13,14
uniform,4142,14,0
uniform,4143,15,10
uniform,4144,0,12
uniform,4145,1,10
uniform,4146,2,15
uniform,4147,3,14
uniform,4148,4,7
uniform,4149,5,0
uniform,4150,6,1
uniform,4151,7,0
uniform,4152,8,10
uniform,4153,9,10
uniform,4154,10,9
uniform,4155,11,5
uniform,4156,12,14
uniform,4157,13,12
uniform,4158,14,7
uniform,4159,15,8
uniform,4160,0,14
uniform,4161,1,5
uniform,4162,2,7
uniform,4163,3,7
uniform,4164,4,0
uniform,4165,5,2
uniform,4166,6,8
uniform,4167,7,2
uniform,4168,8,14
uniform,4169,9,11
uniform,4170,10,0
uniform,4171,11,12
uniform,4172,12,1
uniform,4173,13,11
uniform,4174,14,7
uniform,4175,15,12
uniform,4176,0,15
uniform,4177,1,3
uniform,4178,2,1
uniform,4179,3,4
uniform,4180,4,10
uniform,4181,5,2
uniform,4182,6,0
uniform,4183,7,0
uniform,4184,8,3
uniform,4185,9,8
uniform,4186,10,2
uniform,4187,11,15
uniform,4188,12,8
uniform,4189,13,11
uniform,4190,14,1
uniform,4191,15,8
uniform,4192,0,9
uniform,4193,1,6
uniform,4194,2,13
uniform,4195,3,12
uniform,4196,4,9
uniform,4197,5,12
uniform,4198,6,13
uniform,4199,7,4
uniform,4200,8,11
uniform,4201,9,10
uniform,4202,10,5
uniform,4203,11,4
uniform,4204,12,15
uniform,4205,13,2
uniform,4206,14,1
uniform,4207,15,10
uniform,4208,0,15
uniform,4209,1,8
uniform,4210,2,9
uniform,4211,3,6
uniform,4212,4,14
uniform,4213,5,15
uniform,4214,6,3
uniform,4215,7,3
uniform,4216,8,12
uniform,4217,9,8
uniform,4218,10,3
uniform,4219,11,3
uniform,4220,12,11
uniform,4221,13,8
uniform,4222,14,8
uniform,4223,15,7
uniform,4224,0,4
uniform,4225,1,2
uniform,4226,2,13
uniform,4227,3,6
uniform,4228,4,10
uniform,4229,5,2
uniform,4230,6,5
uniform,4231,7,9
uniform,4232,8,10
uniform,4233,9,15
uniform,4234,10,7
uniform,4235,11,9
uniform,4236,12,9
uniform,4237,13,15
uniform,4238,14,8
uniform,4239,15,13
uniform,4240,0,1
uniform,4241,1,14
uniform,4242,2,15
uniform,4243,3,1
uniform,4244,4,5
uniform,4245,5,4
uniform,4246,6,8
uniform,4247,7,8
uniform,4248,8,3
uniform,4249,9,3
uniform,4250,10,7
uniform,4251,11,15
uniform,4252,12,9
uniform,4253,13,4
uniform,4254,14,6
uniform,4255,15,7
uniform,4256,0,14
uniform,4257,1,4
uniform,4258,2,4
uniform,4259,3,12
uniform,4260,4,6
uniform,4261,5,7
uniform,4262,6,12
uniform,4263,7,1
uniform,4264,8,0
uniform,4265,9,7
uniform,4266,10,5
uniform,4267,11,14
uniform,4268,12,14
uniform,4269,13,4
uniform,4270,14,15
uniform,4271,15,6
uniform,4272,0,7
uniform,4273,1,8
uniform,4274,2,3
uniform,4275,3,8
uniform,4276,4,13
uniform,4277,5,9
uniform,4278,6,4
uniform,4279,7,12
uniform,4280,8,2
uniform,4281,9,8
uniform,4282,10,7
uniform,4283,11,6
uniform,4284,12,3
uniform,4285,13,0
uniform,4286,14,8
uniform,4287,15,8
uniform,4288,0,10
uniform,4289,1,8
uniform,4290,2,10
uniform,4291,3,9
uniform,4292,4,0
uniform,4293,5,8
uniform,4294,6,9
uniform,4295,7,11
uniform,4296,8,6
uniform,4297,9,13
uniform,4298,10,5
uniform,4299,11,9
uniform,4300,12,9
uniform,4301,13,14
uniform,4302,14,1
uniform,4303,15,12
uniform,4304,0,5
uniform,4305,1,12
uniform,4306,2,7
uniform,4307,3,10
uniform,4308,4,1
uniform,4309,5,12
uniform,4310,6,7
uniform,4311,7,12
uniform,4312,8,7
uniform,4313,9,15
uniform,4314,10,11
uniform,4315,11,10
uniform,4316,12,8
uniform,4317,13,6
uniform,4318,14,8
uniform,4319,15,5
uniform,4320,0,4
uniform,4321,1,9
uniform,4322,2,8
uniform,4323,3,15
uniform,4324,4,0
uniform,4325,5,8
uniform,4326,6,0
uniform,4327,7,11
uniform,4328,8,13
uniform,4329,9,8
uniform,4330,10,12
uniform,4331,11,7
uniform,4332,12,4
uniform,4333,13,14
uniform,4334,14,5
uniform,4335,15,7
uniform,4336,0,5
uniform,4337,1,4
uniform,4338,2,5
uniform,4339,3,1
uniform,4340,4,5
uniform,4341,5,10
uniform,4342,6,1
uniform,4343,7,11
uniform,4344,8,7
uniform,4345,9,8
uniform,4346,10,1
uniform,4347,11,12
uniform,4348,12,10
uniform,4349,13,11
uniform,4350,14,13
uniform,4351,15,0
uniform,4352,0,8
uniform,4353,1,2
uniform,4354,2,4
uniform,4355,3,9
uniform,4356,4,5
uniform,4357,5,14
uniform,4358,6,15
uniform,4359,7,14
uniform,4360,8,13
uniform,4361,9,1
uniform,4362,10,15
uniform,4363,11,1
uniform,4364,12,3
uniform,4365,13,10
uniform,4366,14,4
uniform,4367,15,12
uniform,4368,0,2
uniform,4369,1,12
uniform,4370,2,0
uniform,4371,3,12
uniform,4372,4,10
uniform,4373,5,10
uniform,4374,6,9
uniform,4375,7,5
uniform,4376,8,15
uniform,4377,9,15
uniform,4378,10,15
uniform,4379,11,1
uniform,4380,12,1
uniform,4381,13,12
uniform,4382,14,3
uniform,4383,15,5
uniform,4384,0,5
uniform,4385,1,7
uniform,4386,2,8
uniform,4387,3,12
uniform,4388,4,10
uniform,4389,5,2
uniform,4390,6,0
uniform,4391,7,15
uniform,4392,8,15
uniform,4393,9,5
uniform,4394,10,13
uniform,4395,11,12
uniform,4396,12,10
uniform,4397,13,14
uniform,4398,14,11
uniform,4399,15,13
uniform,4400,0,8
uniform,4401,1,11
uniform,4402,2,7
uniform,4403,3,13
uniform,4404,4,12
uniform,4405,5,12
uniform,4406,6,9
uniform,4407,7,9
uniform,4408,8,13
uniform,4409,9,5
uniform,4410,10,7
uniform,4411,11,14
uniform,4412,12,3
uniform,4413,13,9
uniform,4414,14,8
uniform,4415,15,5
uniform,4416,0,8
uniform,4417,1,0
uniform,4418,2,13
uniform,4419,3,4
uniform,4420,4,3
uniform,4421,5,2
uniform,4422,6,12
uniform,4423,7,8
uniform,4424,8,3
uniform,4425,9,10
uniform,4426,10,8
uniform,4427,11,15
uniform,4428,12,9
uniform,4429,13,1
uniform,4430,14,7
uniform,4431,15,12
uniform,4432,0,1
uniform,4433,1,11
uniform,4434,2,7
uniform,4435,3,1
uniform,4436,4,0
uniform,4437,5,9
uniform,4438,6,8
uniform,4439,7,12
uniform,4440,8,7
uniform,4441,9,11
uniform,4442,10,12
uniform,4443,11,10
uniform,4444,12,1
uniform,4445,13,3
uniform,4446,14,4
uniform,4447,15,9
uniform,4448,0,14
uniform,4449,1,13
uniform,4450,2,11
uniform,4451,3,4
uniform,4452,4,15
uniform,4453,5,1
uniform,4454,6,3
uniform,4455,7,8
uniform,4456,8,4
uniform,4457,9,4
uniform,4458,10,14
uniform,4459,11,15
uniform,4460,12,13
uniform,4461,13,9
uniform,4462,14,10
uniform,4463,15,1
uniform,4464,0,5
uniform,4465,1,5
uniform,4466,2,11
uniform,4467,3,15
uniform,4468,4,1
uniform,4469,5,4
uniform,4470,6,8
uniform,4471,7,13
uniform,4472,8,11
uniform,4473,9,3
uniform,4474,10,9
uniform,4475,11,10
uniform,4476,12,3
uniform,4477,13,12
uniform,4478,14,3
uniform,4479,15,6
uniform,4480,0,14
uniform,4481,1,11
uniform,4482,2,12
uniform,4483,3,11
uniform,4484,4,2
uniform,4485,5,10
uniform,4486,6,11
uniform,4487,7,14
uniform,4488,8,9
uniform,4489,9,8
uniform,4490,10,14
uniform,4491,11,3
uniform,4492,12,7
uniform,4493,13,8
uniform,4494,14,0
uniform,4495,15,12
uniform,4496,0,5
uniform,4497,1,6
uniform,4498,2,3
uniform,4499,3,7
uniform,4500,4,1
uniform,4501,5,0
uniform,4502,6,3
uniform,4503,7,8
uniform,4504,8,0
uniform,4505,9,3
uniform,4506,10,5
uniform,4507,11,5
uniform,4508,12,10
uniform,4509,13,15
uniform,4510,14,6
uniform,4511,15,5
uniform,4512,0,1
uniform,4513,1,12
uniform,4514,2,14
uniform,4515,3,9
uniform,4516,4,10
uniform,4517,5,8
uniform,4518,6,9
uniform,4519,7,8
uniform,4520,8,11
uniform,4521,9,15
uniform,4522,10,5
uniform,4523,11,6
uniform,4524,12,4
uniform,4525,13,7
uniform,4526,14,13
uniform,4527,15,1
uniform,4528,0,2
uniform,4529,1,11
uniform,4530,2,6
uniform,4531,3,8
uniform,4532,4,6
uniform,4533,5,14
uniform,4534,6,7
uniform,4535,7,3
uniform,4536,8,7
uniform,4537,9,11
uniform,4538,10,13
uniform,4539,11,3
uniform,4540,12,2
uniform,4541,13,15
uniform,4542,14,15
uniform,4543,15,8
uniform,4544,0,7
uniform,4545,1,9
uniform,4546,2,5
uniform,4547,3,12
uniform,4548,4,0
uniform,4549,5,9
uniform,4550,6,3
uniform,4551,7,8
uniform,4552,8,6
uniform,4553,9,12
uniform,4554,10,4
uniform,4555,11,5
uniform,4556,12,6
uniform,4557,13,5
uniform,4558,14,1
uniform,4559,15,12
uniform,4560,0,12
uniform,4561,1,11
uniform,4562,2,15
uniform,4563,3,13
uniform,4564,4,10
uniform,4565,5,3
uniform,4566,6,3
uniform,4567,7,14
uniform,4568,8,14
uniform,4569,9,3
uniform,4570,10,12
uniform,4571,11,6
uniform,4572,12,1
uniform,4573,13,6
uniform,4574,14,5
uniform,4575,15,4
uniform,4576,0,5
uniform,4577,1,14
uniform,4578,2,4
uniform,4579,3,9
uniform,4580,4,10
uniform,4581,5,9
uniform,4582,6,11
uniform,4583,7,12
uniform,4584,8,2
uniform,4585,9,13
uniform,4586,10,15
uniform,4587,11,4
uniform,4588,12,1
uniform,4589,13,0
uniform,4590,14,7
uniform,4591,15,4
uniform,4592,0,5
uniform,4593,1,5
uniform,4594,2,9
uniform,4595,3,4
uniform,4596,4,1
uniform,4597,5,14
uniform,4598,6,8
uniform,4599,7,1
uniform,4600,8,1
uniform,4601,9,7
uniform,4602,10,8
uniform,4603,11,4
uniform,4604,12,13
uniform,4605,13,12
uniform,4606,14,8
uniform,4607,15,2
uniform,4608,0,2
uniform,4609,1,13
uniform,4610,2,3
uniform,4611,3,6
uniform,4612,4,12
uniform,4613,5,6
uniform,4614,6,1
uniform,4615,7,4
uniform,4616,8,14
uniform,4617,9,13
uniform,4618,10,13
uniform,4619,11,9
uniform,4620,12,1
uniform,4621,13,4
uniform,4622,14,2
uniform,4623,15,1
uniform,4624,0,10
uniform,4625,1,8
uniform,4626,2,11
uniform,4627,3,8
uniform,4628,4,3
uniform,4629,5,14
uniform,4630,6,5
uniform,4631,7,4
uniform,4632,8,3
uniform,4633,9,15
uniform,4634,10,4
uniform,4635,11,5
uniform,4636,12,9
uniform,4637,13,1
uniform,4638,14,8
uniform,4639,15,12
uniform,4640,0,8
uniform,4641,1,9
uniform,4642,2,13
uniform,4643,3,4
uniform,4644,4,11
uniform,4645,5,15
uniform,4646,6,0
uniform,4647,7,15
uniform,4648,8,12
uniform,4649,9,6
uniform,4650,10,11
uniform,4651,11,0
uniform,4652,12,1
uniform,4653,13,2
uniform,4654,14,6
uniform,4655,15,7
uniform,4656,0,6
uniform,4657,1,0
uniform,4658,2,0
uniform,4659,3,0
uniform,4660,4,6
uniform,4661,5,9
uniform,4662,6,14
uniform,4663,7,15
uniform,4664,8,9
uniform,4665,9,12
uniform,4666,10,13
uniform,4667,11,6
uniform,4668,12,2
uniform,4669,13,15
uniform,4670,14,6
uniform,4671,15,14
uniform,4672,0,8
uniform,4673,1,9
uniform,4674,2,0
uniform,4675,3,13
uniform,4676,4,13
uniform,4677,5,11
uniform,4678,6,1
uniform,4679,7,13
uniform,4680,8,5
uniform,4681,9,6
uniform,4682,10,14
uniform,4683,11,6
uniform,4684,12,1
uniform,4685,13,2
uniform,4686,14,15
uniform,4687,15,13
uniform,4688,0,6
uniform,4689,1,2
uniform,4690,2,13
uniform,4691,3,2
uniform,4692,4,0
uniform,4693,5,13
uniform,4694,6,10
uniform,4695,7,9
uniform,4696,8,4
uniform,4697,9,7
uniform,4698,10,4
uniform,4699,11,14
uniform,4700,12,10
uniform,4701,13,5
uniform,4702,14,7
uniform,4703,15,6
uniform,4704,0,6
uniform,4705,1,2
uniform,4706,2,9
uniform,4707,3,6
uniform,4708,4,10
uniform,4709,5,10
uniform,4710,6,11
uniform,4711,7,3
uniform,4712,8,7
uniform,4713,9,4
uniform,4714,10,11
uniform,4715,11,2
uniform,4716,12,3
uniform,4717,13,5
uniform,4718,14,2
uniform,4719,15,5
uniform,4720,0,1
uniform,4721,1,12
uniform,4722,2,9
uniform,4723,3,2
uniform,4724,4,8
uniform,4725,5,13
uniform,4726,6,3
uniform,4727,7,11
uniform,4728,8,10
uniform,4729,9,10
uniform,4730,10,8
uniform,4731,11,2
uniform,4732,12,7
uniform,4733,13,11
uniform,4734,14,9
uniform,4735,15,10
uniform,4736,0,12
uniform,4737,1,2
uniform,4738,2,9
uniform,4739,3,5
uniform,4740,4,3
uniform,4741,5,11
uniform,4742,6,9
uniform,4743,7,10
uniform,4744,8,1
uniform,4745,9,0
uniform,4746,10,8
uniform,4747,11,12
uniform,4748,12,7
uniform,4749,13,9
uniform,4750,14,7
uniform,4751,15,9
uniform,4752,0,7
uniform,4753,1,13
uniform,4754,2,9
uniform,4755,3,2
uniform,4756,4,3
uniform,4757,5,4
uniform,4758,6,13
uniform,4759,7,14
uniform,4760,8,5
uniform,4761,9,1
uniform,4762,10,13
uniform,4763,11,7
uniform,4764,12,15
uniform,4765,13,7
uniform,4766,14,15
uniform,4767,15,0
uniform,4768,0,8
uniform,4769,1,2
uniform,4770,2,5
uniform,4771,3,1
uniform,4772,4,12
uniform,4773,5,10
uniform,4774,6,5
uniform,4775,7,1
uniform,4776,8,5
uniform,4777,9,0
uniform,4778,10,7
uniform,4779,11,1
uniform,4780,12,7
uniform,4781,13,3
uniform,4782,14,11
uniform,4783,15,8
uniform,4784,0,15
uniform,4785,1,11
uniform,4786,2,3
uniform,4787,3,8
uniform,4788,4,11
uniform,4789,5,13
uniform,4790,6,5
uniform,4791,7,13
uniform,4792,8,0
uniform,4793,9,8
uniform,4794,10,2
uniform,4795,11,15
uniform,4796,12,15
uniform,4797,13,11
uniform,4798,14,9
uniform,4799,15,13
uniform,4800,0,6
uniform,4801,1,6
uniform,4802,2,14
uniform,4803,3,4
uniform,4804,4,2
uniform,4805,5,0
uniform,4806,6,14
uniform,4807,7,9
uniform,4808,8,5
uniform,4809,9,0
uniform,4810,10,5
uniform,4811,11,10
uniform,4812,12,9
uniform,4813,13,6
uniform,4814,14,15
uniform,4815,15,9
uniform,4816,0,2
uniform,4817,1,11
uniform,4818,2,14
uniform,4819,3,6
uniform,4820,4,6
uniform,4821,5,15
uniform,4822,6,0
uniform,4823,7,8
uniform,4824,8,1
uniform,4825,9,11
uniform,4826,10,11
uniform,4827,11,9
uniform,4828,12,14
uniform,4829,13,14
uniform,4830,14,13
uniform,4831,15,0
uniform,4832,0,3
uniform,4833,1,4
uniform,4834,2,8
uniform,4835,3,13
uniform,4836,4,7
uniform,4837,5,7
uniform,4838,6,2
uniform,4839,7,1
uniform,4840,8,0
uniform,4841,9,0
uniform,4842,10,4
uniform,4843,11,6
uniform,4844,12,11
uniform,4845,13,2
uniform,4846,14,9
uniform,4847,15,11
uniform,4848,0,14
uniform,4849,1,4
uniform,4850,2,11
uniform,4851,3,4
uniform,4852,4,1
uniform,4853,5,11
uniform,4854,6,13
uniform,4855,7,2
uniform,4856,8,11
uniform,4857,9,5
uniform,4858,10,0
uniform,4859,11,14
uniform,4860,12,14
uniform,4861,13,12
uniform,4862,14,3
uniform,4863,15,3
uniform,4864,0,5
uniform,4865,1,14
uniform,4866,2,6
uniform,4867,3,6
uniform,4868,4,8
uniform,4869,5,4
uniform,4870,6,12
uniform,4871,7,13
uniform,4872,8,15
uniform,4873,9,8
uniform,4874,10,7
uniform,4875,11,12
uniform,4876,12,5
uniform,4877,13,8
uniform,4878,14,15
uniform,4879,15,13
uniform,4880,0,11
uniform,4881,1,12
uniform,4882,2,14
uniform,4883,3,8
uniform,4884,4,7
uniform,4885,5,2
uniform,4886,6,13
uniform,4887,7,1
uniform,4888,8,3
uniform,4889,9,14
uniform,4890,10,0
uniform,4891,11,4
uniform,4892,12,2
uniform,4893,13,6
uniform,4894,14,15
uniform,4895,15,12
uniform,4896,0,6
uniform,4897,1,8
uniform,4898,2,9
uniform,4899,3,2
uniform,4900,4,7
uniform,4901,5,2
uniform,4902,6,7
uniform,4903,7,2
uniform,4904,8,15
uniform,4905,9,6
uniform,4906,10,12
uniform,4907,11,2
uniform,4908,12,9
uniform,4909,13,8
uniform,4910,14,2
uniform,4911,15,8
uniform,4912,0,6
uniform,4913,1,11
uniform,4914,2,6
uniform,4915,3,12
uniform,4916,4,15
uniform,4917,5,0
uniform,4918,6,14
uniform,4919,7,11
uniform,4920,8,10
uniform,4921,9,13
uniform,4922,10,4
uniform,4923,11,0
uniform,4924,12,2
uniform,4925,13,11
uniform,4926,14,15
uniform,4927,15,8
uniform,4928,0,6
uniform,4929,1,6
uniform,4930,2,6
uniform,4931,3,1
uniform,4932,4,6
uniform,4933,5,3
uniform,4934,6,0
uniform,4935,7,8
uniform,4936,8,5
uniform,4937,9,14
uniform,4938,10,6
uniform,4939,11,10
uniform,4940,12,7
uniform,4941,13,6
uniform,4942,14,8
uniform,4943,15,0
uniform,4944,0,1
uniform,4945,1,4
uniform,4946,2,6
uniform,4947,3,11
uniform,4948,4,0
uniform,4949,5,2
uniform,4950,6,11
uniform,4951,7,15
uniform,4952,8,15
uniform,4953,9,0
uniform,4954,10,7
uniform,4955,11,1
uniform,4956,12,8
uniform,4957,13,12
uniform,4958,14,2
uniform,4959,15,3
uniform,4960,0,12
uniform,4961,1,14
uniform,4962,2,11
uniform,4963,3,10
uniform,4964,4,12
uniform,4965,5,0
uniform,4966,6,4
uniform,4967,7,9
uniform,4968,8,10
uniform,4969,9,10
uniform,4970,10,14
uniform,4971,11,4
uniform,4972,12,11
uniform,4973,13,5
uniform,4974,14,1
uniform,4975,15,2
uniform,4976,0,8
uniform,4977,1,2
uniform,4978,2,3
uniform,4979,3,14
uniform,4980,4,12
uniform,4981,5,15
uniform,4982,6,3
uniform,4983,7,9
uniform,4984,8,13
uniform,4985,9,10
uniform,4986,10,13
uniform,4987,11,6
uniform,4988,12,0
uniform,4989,13,11
uniform,4990,14,7
uniform,4991,15,4
uniform,4992,0,12
uniform,4993,1,12
uniform,4994,2,3
uniform,4995,3,10
uniform,4996,4,11
uniform,4997,5,4
uniform,4998,6,12
uniform,4999,7,2
