topology,traffic,vc_mode,vcs,queues,diameter,bisection,offered_rate,accepted_throughput,avg_latency,max_latency,avg_hops,bg_latency,hot_latency,bg_throughput,hot_throughput,m_generated,m_delivered,unretired,dropped_full,peak_queue,conservation_ok,saturated
ring,uniform,baseline_vc2,2,1,8,2,0.0200,0.020000,8.5723,17,4.3632,8.5723,0.0000,0.020000,0.000000,961,961,0,0,1,1,0
ring,uniform,baseline_vc2,2,1,8,2,0.0500,0.050833,9.0012,23,4.2321,9.0012,0.0000,0.050833,0.000000,2439,2439,0,0,2,1,0
ring,uniform,baseline_vc2,2,1,8,2,0.0800,0.080953,9.6789,33,4.2447,9.6789,0.0000,0.080953,0.000000,3883,3883,0,0,3,1,0
ring,uniform,baseline_vc2,2,1,8,2,0.1100,0.109578,10.7706,45,4.3240,10.7706,0.0000,0.109578,0.000000,5262,5262,0,0,3,1,0
ring,uniform,baseline_vc2,2,1,8,2,0.1400,0.138849,11.9322,75,4.2392,11.9322,0.0000,0.138849,0.000000,6663,6663,0,0,5,1,0
ring,uniform,baseline_vc2,2,1,8,2,0.1700,0.169073,14.0227,102,4.2672,14.0227,0.0000,0.169073,0.000000,8114,8114,0,0,6,1,0
ring,uniform,baseline_vc2,2,1,8,2,0.2000,0.200026,18.6346,166,4.2658,18.6346,0.0000,0.200026,0.000000,9592,9592,0,0,8,1,0
ring,uniform,baseline_vc2,2,1,8,2,0.2400,0.239307,33.6433,262,4.2594,33.6433,0.0000,0.239307,0.000000,11467,11467,0,0,17,1,0
ring,uniform,baseline_vc2,2,1,8,2,0.2800,0.267464,498.9643,2123,4.2627,498.9643,0.0000,0.267464,0.000000,13468,13468,0,0,139,1,0
ring,uniform,baseline_vc2,2,1,8,2,0.3200,0.272401,1610.4297,4012,4.2779,1610.4297,0.0000,0.272401,0.000000,15336,15336,0,0,290,1,1
ring,uniform,baseline_vc2,2,1,8,2,0.3600,0.268156,3167.0527,6460,4.2826,3167.0527,0.0000,0.268156,0.000000,17254,17254,0,0,501,1,1
ring,uniform,baseline_vc2,2,1,8,2,0.4000,0.268448,4404.4973,8220,4.2480,4404.4973,0.0000,0.268448,0.000000,19117,19117,0,0,660,1,1
ring,uniform,baseline_vc2,2,1,8,2,0.4500,0.272417,5996.2318,11374,4.2413,5996.2318,0.0000,0.272417,0.000000,21482,21482,0,0,872,1,1
ring,uniform,baseline_vc2,2,1,8,2,0.5000,0.272188,7814.8417,14404,4.2774,7814.8417,0.0000,0.272188,0.000000,23901,23857,0,44,1024,1,1
ring,uniform,baseline_vc2,2,1,8,2,0.5500,0.269474,9156.6084,15869,4.2709,9156.6084,0.0000,0.269474,0.000000,26331,24973,0,1358,1024,1,1
ring,uniform,baseline_vc2,2,1,8,2,0.6000,0.269307,10053.0179,17247,4.2900,10053.0179,0.0000,0.269307,0.000000,28761,24870,0,3891,1024,1,1
ring,uniform,baseline_vc2,2,1,8,2,0.7000,0.270979,11155.2245,17284,4.2485,11155.2245,0.0000,0.270979,0.000000,33485,24210,0,9275,1024,1,1
ring,uniform,baseline_vc2,2,1,8,2,0.8000,0.268203,12194.4502,17738,4.2801,12194.4502,0.0000,0.268203,0.000000,38359,22817,0,15542,1024,1,1
ring,uniform,baseline_vc2,2,1,8,2,0.8500,0.270490,12467.1470,17917,4.2917,12467.1470,0.0000,0.270490,0.000000,40785,22383,0,18402,1024,1,1
ring,uniform,baseline_vc2,2,1,8,2,0.9000,0.271375,12723.3870,17667,4.2586,12723.3870,0.0000,0.271375,0.000000,43227,21795,0,21432,1024,1,1
ring,uniform,baseline_vc2,2,1,8,2,0.9400,0.266427,13127.4069,18246,4.2931,13127.4069,0.0000,0.266427,0.000000,45127,21133,0,23994,1024,1,1
ring,uniform,baseline_vc2,2,1,8,2,0.9700,0.268880,13251.6054,17952,4.2892,13251.6054,0.0000,0.268880,0.000000,46590,20792,0,25798,1024,1,1
ring,uniform,baseline_vc2,2,1,8,2,1.0000,0.273104,13250.8778,18273,4.2721,13250.8778,0.0000,0.273104,0.000000,47987,20655,0,27332,1024,1,1
mesh,uniform,baseline_vc2,2,1,6,4,0.0200,0.020021,6.8783,13,2.7575,6.8783,0.0000,0.020021,0.000000,961,961,0,0,1,1,0
mesh,uniform,baseline_vc2,2,1,6,4,0.0500,0.050833,6.9114,16,2.6109,6.9114,0.0000,0.050833,0.000000,2439,2439,0,0,1,1,0
mesh,uniform,baseline_vc2,2,1,6,4,0.0800,0.080943,7.1092,21,2.6377,7.1092,0.0000,0.080943,0.000000,3883,3883,0,0,2,1,0
mesh,uniform,baseline_vc2,2,1,6,4,0.1100,0.109615,7.3331,18,2.6634,7.3331,0.0000,0.109615,0.000000,5262,5262,0,0,2,1,0
mesh,uniform,baseline_vc2,2,1,6,4,0.1400,0.138781,7.5037,25,2.6664,7.5037,0.0000,0.138781,0.000000,6663,6663,0,0,2,1,0
mesh,uniform,baseline_vc2,2,1,6,4,0.1700,0.169031,7.6834,25,2.6533,7.6834,0.0000,0.169031,0.000000,8114,8114,0,0,3,1,0
mesh,uniform,baseline_vc2,2,1,6,4,0.2000,0.199833,7.8614,20,2.6685,7.8614,0.0000,0.199833,0.000000,9592,9592,0,0,2,1,0
mesh,uniform,baseline_vc2,2,1,6,4,0.2400,0.238943,8.1789,26,2.6853,8.1789,0.0000,0.238943,0.000000,11467,11467,0,0,3,1,0
mesh,uniform,baseline_vc2,2,1,6,4,0.2800,0.280464,8.5102,36,2.6761,8.5102,0.0000,0.280464,0.000000,13468,13468,0,0,3,1,0
mesh,uniform,baseline_vc2,2,1,6,4,0.3200,0.319604,8.8528,56,2.6681,8.8528,0.0000,0.319604,0.000000,15336,15336,0,0,5,1,0
mesh,uniform,baseline_vc2,2,1,6,4,0.3600,0.359510,9.2238,62,2.6524,9.2238,0.0000,0.359510,0.000000,17254,17254,0,0,5,1,0
mesh,uniform,baseline_vc2,2,1,6,4,0.4000,0.398250,9.6477,54,2.6715,9.6477,0.0000,0.398250,0.000000,19117,19117,0,0,4,1,0
mesh,uniform,baseline_vc2,2,1,6,4,0.4500,0.447594,10.3098,82,2.6533,10.3098,0.0000,0.447594,0.000000,21482,21482,0,0,7,1,0
mesh,uniform,baseline_vc2,2,1,6,4,0.5000,0.498031,11.2962,85,2.6656,11.2962,0.0000,0.498031,0.000000,23901,23901,0,0,9,1,0
mesh,uniform,baseline_vc2,2,1,6,4,0.5500,0.548526,12.9473,116,2.6770,12.9473,0.0000,0.548526,0.000000,26331,26331,0,0,16,1,0
mesh,uniform,baseline_vc2,2,1,6,4,0.6000,0.599167,15.8644,158,2.6657,15.8644,0.0000,0.599167,0.000000,28761,28761,0,0,23,1,0
mesh,uniform,baseline_vc2,2,1,6,4,0.7000,0.693203,133.8363,1365,2.6686,133.8363,0.0000,0.693203,0.000000,33485,33485,0,0,210,1,0
mesh,uniform,baseline_vc2,2,1,6,4,0.8000,0.723865,991.2466,5290,2.6621,991.2466,0.0000,0.723865,0.000000,38359,38330,0,29,1024,1,1
mesh,uniform,baseline_vc2,2,1,6,4,0.8500,0.728521,1557.9645,6730,2.6780,1557.9645,0.0000,0.728521,0.000000,40785,40229,0,556,1024,1,1
mesh,uniform,baseline_vc2,2,1,6,4,0.9000,0.731776,2107.0766,7238,2.6727,2107.0766,0.0000,0.731776,0.000000,43227,42016,0,1211,1024,1,1
mesh,uniform,baseline_vc2,2,1,6,4,0.9400,0.736005,2422.0313,7854,2.6863,2422.0313,0.0000,0.736005,0.000000,45127,42897,0,2230,1024,1,1
mesh,uniform,baseline_vc2,2,1,6,4,0.9700,0.729521,2658.7439,8192,2.6921,2658.7439,0.0000,0.729521,0.000000,46590,43028,0,3562,1024,1,1
mesh,uniform,baseline_vc2,2,1,6,4,1.0000,0.733385,2904.3382,8446,2.7063,2904.3382,0.0000,0.733385,0.000000,47987,43331,0,4656,1024,1,1
ring,hotnode,baseline_vc2,2,1,8,2,0.0200,0.019979,8.5558,19,4.2805,8.5196,8.5892,0.009583,0.010396,959,959,0,0,2,1,0
ring,hotnode,baseline_vc2,2,1,8,2,0.0500,0.050453,9.3276,31,4.3189,9.2528,9.3953,0.023990,0.026464,2421,2421,0,0,2,1,0
ring,hotnode,baseline_vc2,2,1,8,2,0.0800,0.080932,9.9562,39,4.1894,9.6949,10.1802,0.037396,0.043536,3885,3885,0,0,3,1,0
ring,hotnode,baseline_vc2,2,1,8,2,0.1100,0.109677,10.9726,75,4.1765,10.6510,11.2521,0.050974,0.058703,5263,5263,0,0,3,1,0
ring,hotnode,baseline_vc2,2,1,8,2,0.1400,0.138953,13.1832,114,4.2767,12.5937,13.6811,0.063557,0.075396,6676,6676,0,0,7,1,0
ring,hotnode,baseline_vc2,2,1,8,2,0.1700,0.169927,19.4632,287,4.2564,17.6181,21.0569,0.078812,0.091115,8152,8152,0,0,19,1,0
ring,hotnode,baseline_vc2,2,1,8,2,0.2000,0.196833,174.7339,4344,4.2084,151.1415,195.3404,0.091870,0.104964,9592,9592,0,0,208,1,0
ring,hotnode,baseline_vc2,2,1,8,2,0.2400,0.216099,1074.1375,10316,4.2711,984.6886,1152.0544,0.101656,0.114443,11451,11451,0,0,617,1,1
ring,hotnode,baseline_vc2,2,1,8,2,0.2800,0.225609,2412.8334,13104,4.2850,2249.1267,2554.4085,0.105776,0.119833,13449,13449,0,0,769,1,1
ring,hotnode,baseline_vc2,2,1,8,2,0.3200,0.231266,3798.0870,16268,4.2650,3548.0409,4015.3571,0.110479,0.120786,15370,15370,0,0,948,1,1
ring,hotnode,baseline_vc2,2,1,8,2,0.3600,0.230401,5313.9180,18345,4.2361,4970.7993,5610.5101,0.110224,0.120177,17299,17283,0,16,1024,1,1
ring,hotnode,baseline_vc2,2,1,8,2,0.4000,0.232104,6619.7763,21117,4.2653,6136.3558,7042.2786,0.112224,0.119880,19218,18693,0,525,1024,1,1
ring,hotnode,baseline_vc2,2,1,8,2,0.4500,0.236625,7899.7969,23232,4.2845,7177.1329,8542.2864,0.118396,0.118229,21547,19973,0,1574,1024,1,1
ring,hotnode,baseline_vc2,2,1,8,2,0.5000,0.239651,8817.3358,24424,4.3034,8069.9433,9498.2467,0.121797,0.117854,24002,20410,0,3592,1024,1,1
ring,hotnode,baseline_vc2,2,1,8,2,0.5500,0.237635,9912.1185,26328,4.2850,9165.2948,10598.4916,0.118573,0.119063,26332,20745,0,5587,1024,1,1
ring,hotnode,baseline_vc2,2,1,8,2,0.6000,0.241615,10751.8182,27528,4.2842,9970.2660,11479.4848,0.121005,0.120609,28720,21566,0,7154,1024,1,1
ring,hotnode,baseline_vc2,2,1,8,2,0.7000,0.238937,11981.4067,29364,4.2959,11156.7594,12772.9537,0.119760,0.119177,33557,21484,0,12073,1024,1,1
ring,hotnode,baseline_vc2,2,1,8,2,0.8000,0.238979,12750.3539,30725,4.3021,11910.2236,13578.5777,0.118995,0.119984,38444,21018,0,17426,1024,1,1
ring,hotnode,baseline_vc2,2,1,8,2,0.8500,0.238271,13052.8763,30687,4.3101,12211.7589,13873.9090,0.119401,0.118870,40895,20441,0,20454,1024,1,1
ring,hotnode,baseline_vc2,2,1,8,2,0.9000,0.237531,13357.8191,31090,4.3133,12495.9688,14187.6288,0.118953,0.118578,43170,19799,0,23371,1024,1,1
ring,hotnode,baseline_vc2,2,1,8,2,0.9400,0.236865,13416.9920,31612,4.3243,12624.0370,14171.0293,0.115599,0.121266,45073,19279,0,25794,1024,1,1
ring,hotnode,baseline_vc2,2,1,8,2,0.9700,0.238641,13608.6549,31689,4.3036,12855.3209,14334.8474,0.117302,0.121339,46493,18970,0,27523,1024,1,1
ring,hotnode,baseline_vc2,2,1,8,2,1.0000,0.239505,13573.3860,31670,4.2645,12760.1956,14369.7863,0.119141,0.120365,47870,18598,0,29272,1024,1,1
mesh,hotnode,baseline_vc2,2,1,6,4,0.0200,0.019979,6.7299,13,2.5683,6.7783,6.6854,0.009583,0.010396,959,959,0,0,1,1,0
mesh,hotnode,baseline_vc2,2,1,6,4,0.0500,0.050438,7.0657,22,2.5547,6.9253,7.1929,0.023979,0.026458,2421,2421,0,0,1,1,0
mesh,hotnode,baseline_vc2,2,1,6,4,0.0800,0.080927,7.4880,30,2.5598,7.1428,7.7839,0.037385,0.043542,3885,3885,0,0,2,1,0
mesh,hotnode,baseline_vc2,2,1,6,4,0.1100,0.109693,7.9354,85,2.5109,7.1778,8.5938,0.051010,0.058682,5263,5263,0,0,2,1,0
mesh,hotnode,baseline_vc2,2,1,6,4,0.1400,0.139000,8.6311,99,2.5448,7.4076,9.6645,0.063646,0.075354,6676,6676,0,0,2,1,0
mesh,hotnode,baseline_vc2,2,1,6,4,0.1700,0.169661,10.4664,205,2.5213,8.0585,12.5462,0.078620,0.091042,8152,8152,0,0,11,1,0
mesh,hotnode,baseline_vc2,2,1,6,4,0.2000,0.199573,23.0891,1404,2.5353,18.9103,26.7391,0.093063,0.106510,9592,9592,0,0,69,1,0
mesh,hotnode,baseline_vc2,2,1,6,4,0.2400,0.222047,625.5496,12579,2.5496,573.9880,670.4639,0.103891,0.118156,11451,11451,0,0,711,1,1
mesh,hotnode,baseline_vc2,2,1,6,4,0.2800,0.242422,1403.8127,14608,2.5328,1237.7784,1547.4006,0.113953,0.128469,13449,13449,0,0,974,1,1
mesh,hotnode,baseline_vc2,2,1,6,4,0.3200,0.259328,2121.6795,16964,2.5404,1973.9342,2250.2277,0.122271,0.137057,15370,15069,0,301,1024,1,1
mesh,hotnode,baseline_vc2,2,1,6,4,0.3600,0.279370,2433.5575,19126,2.5185,2224.4359,2614.0716,0.131797,0.147573,17299,16385,0,914,1024,1,1
mesh,hotnode,baseline_vc2,2,1,6,4,0.4000,0.295891,2741.8915,20339,2.5028,2528.6053,2929.5521,0.140964,0.154927,19218,17430,0,1788,1024,1,1
mesh,hotnode,baseline_vc2,2,1,6,4,0.4500,0.313516,3249.8350,23003,2.4938,2938.6134,3528.5998,0.151328,0.162188,21547,18832,0,2715,1024,1,1
mesh,hotnode,baseline_vc2,2,1,6,4,0.5000,0.335880,3414.4146,24119,2.4760,3002.0069,3791.6811,0.165005,0.170875,24002,20067,0,3935,1024,1,1
mesh,hotnode,baseline_vc2,2,1,6,4,0.5500,0.355141,3432.8939,24629,2.4621,3248.4841,3603.2946,0.171609,0.183531,26332,20895,0,5437,1024,1,1
mesh,hotnode,baseline_vc2,2,1,6,4,0.6000,0.372833,3434.7773,25173,2.4313,3202.1595,3647.9901,0.179870,0.192964,28720,21987,0,6733,1024,1,1
mesh,hotnode,baseline_vc2,2,1,6,4,0.7000,0.377208,4305.6168,27814,2.4336,4051.3909,4540.7123,0.182688,0.194521,33557,24069,0,9488,1024,1,1
mesh,hotnode,baseline_vc2,2,1,6,4,0.8000,0.384906,4553.4881,28228,2.4290,4377.4084,4717.5608,0.186406,0.198500,38444,24250,0,14194,1024,1,1
mesh,hotnode,baseline_vc2,2,1,6,4,0.8500,0.378865,4700.8311,28776,2.4371,4717.7933,4685.0932,0.179344,0.199521,40895,24009,0,16886,1024,1,1
mesh,hotnode,baseline_vc2,2,1,6,4,0.9000,0.383495,4690.0539,29170,2.4298,4781.8677,4605.9245,0.180755,0.202740,43170,23789,0,19381,1024,1,1
mesh,hotnode,baseline_vc2,2,1,6,4,0.9400,0.389984,4551.3035,29488,2.4306,4635.2597,4473.9234,0.184089,0.205896,45073,23798,0,21275,1024,1,1
mesh,hotnode,baseline_vc2,2,1,6,4,0.9700,0.381427,4819.0884,30219,2.4366,4972.4388,4681.6048,0.177854,0.203573,46493,23627,0,22866,1024,1,1
mesh,hotnode,baseline_vc2,2,1,6,4,1.0000,0.386120,4660.5168,30464,2.4379,4756.7493,4573.9657,0.181969,0.204151,47870,23562,0,24308,1024,1,1
ring,hotnode,vc4_plain,4,1,8,2,0.0200,0.019979,8.5746,17,4.2805,8.5217,8.6232,0.009583,0.010396,959,959,0,0,1,1,0
ring,hotnode,vc4_plain,4,1,8,2,0.0500,0.050438,9.2230,27,4.3189,9.0799,9.3528,0.023979,0.026458,2421,2421,0,0,1,1,0
ring,hotnode,vc4_plain,4,1,8,2,0.0800,0.080932,9.7115,34,4.1894,9.4428,9.9417,0.037396,0.043536,3885,3885,0,0,2,1,0
ring,hotnode,vc4_plain,4,1,8,2,0.1100,0.109661,10.3253,41,4.1765,10.0560,10.5593,0.050958,0.058703,5263,5263,0,0,2,1,0
ring,hotnode,vc4_plain,4,1,8,2,0.1400,0.138974,11.4098,63,4.2767,10.9192,11.8243,0.063583,0.075391,6676,6676,0,0,4,1,0
ring,hotnode,vc4_plain,4,1,8,2,0.1700,0.169927,12.8496,100,4.2564,11.7663,13.7853,0.078776,0.091151,8152,8152,0,0,6,1,0
ring,hotnode,vc4_plain,4,1,8,2,0.2000,0.200099,16.1528,450,4.2084,14.3477,17.7295,0.093240,0.106859,9592,9592,0,0,15,1,0
ring,hotnode,vc4_plain,4,1,8,2,0.2400,0.234651,223.7465,5395,4.2711,200.2799,244.1877,0.109307,0.125344,11451,11451,0,0,310,1,0
ring,hotnode,vc4_plain,4,1,8,2,0.2800,0.261740,751.4462,12098,4.2850,695.5214,799.8105,0.122026,0.139714,13449,13449,0,0,763,1,1
ring,hotnode,vc4_plain,4,1,8,2,0.3200,0.274943,1676.5220,14116,4.2650,1552.1360,1784.6035,0.129214,0.145729,15370,15370,0,0,968,1,1
ring,hotnode,vc4_plain,4,1,8,2,0.3600,0.288552,2469.9695,15390,4.2360,2303.7083,2613.7970,0.136250,0.152302,17299,17278,0,21,1024,1,1
ring,hotnode,vc4_plain,4,1,8,2,0.4000,0.292042,3415.1773,17827,4.2669,3153.5431,3643.5502,0.138318,0.153724,19218,18695,0,523,1024,1,1
ring,hotnode,vc4_plain,4,1,8,2,0.4500,0.295401,4471.3974,19575,4.2742,4044.9433,4848.7455,0.144328,0.151073,21547,20068,0,1479,1024,1,1
ring,hotnode,vc4_plain,4,1,8,2,0.5000,0.300448,5210.0791,20768,4.2588,4714.8764,5655.7126,0.149146,0.151302,24002,21144,0,2858,1024,1,1
ring,hotnode,vc4_plain,4,1,8,2,0.5500,0.296687,6112.3087,22340,4.2180,5595.9441,6581.3353,0.147026,0.149661,26332,21732,0,4600,1024,1,1
ring,hotnode,vc4_plain,4,1,8,2,0.6000,0.302276,6642.5655,23217,4.2284,5987.5000,7245.5466,0.152510,0.149766,28720,22270,0,6450,1024,1,1
ring,hotnode,vc4_plain,4,1,8,2,0.7000,0.304172,7701.6910,25379,4.2761,6941.9631,8424.0788,0.155286,0.148885,33557,22704,0,10853,1024,1,1
ring,hotnode,vc4_plain,4,1,8,2,0.8000,0.311771,8400.8730,27010,4.2945,7567.3584,9217.9715,0.159500,0.152271,38444,23126,0,15318,1024,1,1
ring,hotnode,vc4_plain,4,1,8,2,0.8500,0.307984,8754.6141,27399,4.2980,7882.3240,9617.0270,0.159203,0.148781,40895,23007,0,17888,1024,1,1
ring,hotnode,vc4_plain,4,1,8,2,0.9000,0.308495,9215.6839,28187,4.3023,8314.3806,10102.1259,0.157807,0.150688,43170,23217,0,19953,1024,1,1
ring,hotnode,vc4_plain,4,1,8,2,0.9400,0.306740,9231.8413,28743,4.3091,8332.1224,10123.9528,0.155318,0.151422,45073,22847,0,22226,1024,1,1
ring,hotnode,vc4_plain,4,1,8,2,0.9700,0.310422,9447.9402,28861,4.2984,8581.4639,10305.3150,0.156880,0.153542,46493,22728,0,23765,1024,1,1
ring,hotnode,vc4_plain,4,1,8,2,1.0000,0.310682,9327.8345,29067,4.2788,8422.9523,10233.2807,0.159229,0.151453,47870,22471,0,25399,1024,1,1
mesh,hotnode,vc4_plain,4,1,6,4,0.0200,0.019979,6.7320,13,2.5683,6.7783,6.6894,0.009583,0.010396,959,959,0,0,1,1,0
mesh,hotnode,vc4_plain,4,1,6,4,0.0500,0.050438,7.1198,20,2.5547,6.9357,7.2866,0.023979,0.026458,2421,2421,0,0,1,1,0
mesh,hotnode,vc4_plain,4,1,6,4,0.0800,0.080927,7.6214,25,2.5598,7.1562,8.0201,0.037385,0.043542,3885,3885,0,0,1,1,0
mesh,hotnode,vc4_plain,4,1,6,4,0.1100,0.109693,8.1691,50,2.5109,7.1864,9.0231,0.051010,0.058682,5263,5263,0,0,1,1,0
mesh,hotnode,vc4_plain,4,1,6,4,0.1400,0.139005,8.9503,63,2.5448,7.3981,10.2614,0.063646,0.075359,6676,6676,0,0,1,1,0
mesh,hotnode,vc4_plain,4,1,6,4,0.1700,0.169781,10.3805,179,2.5213,7.5461,12.8288,0.078703,0.091078,8152,8152,0,0,4,1,0
mesh,hotnode,vc4_plain,4,1,6,4,0.2000,0.199865,16.5201,1383,2.5353,11.2080,21.1600,0.093167,0.106698,9592,9592,0,0,38,1,0
mesh,hotnode,vc4_plain,4,1,6,4,0.2400,0.227042,426.6612,11889,2.5496,387.2514,460.9902,0.105813,0.121229,11451,11451,0,0,649,1,1
mesh,hotnode,vc4_plain,4,1,6,4,0.2800,0.248807,1078.6241,14295,2.5328,939.5065,1198.9343,0.116656,0.132151,13449,13449,0,0,982,1,1
mesh,hotnode,vc4_plain,4,1,6,4,0.3200,0.266875,1775.8169,17079,2.5455,1642.6157,1891.5683,0.125807,0.141068,15370,15137,0,233,1024,1,1
mesh,hotnode,vc4_plain,4,1,6,4,0.3600,0.286354,2033.4711,17158,2.5191,1855.5894,2187.0816,0.134620,0.151734,17299,16403,0,896,1024,1,1
mesh,hotnode,vc4_plain,4,1,6,4,0.4000,0.304557,2442.6881,18705,2.5126,2241.0904,2619.6512,0.144651,0.159906,19218,17580,0,1638,1024,1,1
mesh,hotnode,vc4_plain,4,1,6,4,0.4500,0.323875,2773.3280,21336,2.4964,2501.0275,3017.5537,0.155922,0.167953,21547,18895,0,2652,1024,1,1
mesh,hotnode,vc4_plain,4,1,6,4,0.5000,0.344969,2992.6689,22506,2.4738,2646.1788,3310.7194,0.169182,0.175786,24002,20002,0,4000,1024,1,1
mesh,hotnode,vc4_plain,4,1,6,4,0.5500,0.356964,3333.1478,23394,2.4537,3230.5326,3427.5372,0.170880,0.186083,26332,21291,0,5041,1024,1,1
mesh,hotnode,vc4_plain,4,1,6,4,0.6000,0.377302,3461.2446,25319,2.4233,3283.7697,3622.7717,0.180349,0.196953,28720,22490,0,6230,1024,1,1
mesh,hotnode,vc4_plain,4,1,6,4,0.7000,0.389099,3700.3867,25847,2.4449,3564.9344,3823.1342,0.185646,0.203453,33557,23473,0,10084,1024,1,1
mesh,hotnode,vc4_plain,4,1,6,4,0.8000,0.397396,4250.0027,27998,2.4418,4111.0162,4375.8740,0.190568,0.206828,38444,24880,0,13564,1024,1,1
mesh,hotnode,vc4_plain,4,1,6,4,0.8500,0.390281,4341.0530,27928,2.4426,4374.3966,4310.6973,0.183203,0.207078,40895,24346,0,16549,1024,1,1
mesh,hotnode,vc4_plain,4,1,6,4,0.9000,0.390698,4338.7004,28167,2.4301,4459.4353,4230.8780,0.181042,0.209656,43170,24002,0,19168,1024,1,1
mesh,hotnode,vc4_plain,4,1,6,4,0.9400,0.396068,4267.5398,28279,2.4283,4387.6351,4160.3410,0.184365,0.211703,45073,23934,0,21139,1024,1,1
mesh,hotnode,vc4_plain,4,1,6,4,0.9700,0.389656,4335.7253,28907,2.4326,4535.5545,4160.4883,0.180057,0.209599,46493,23411,0,23082,1024,1,1
mesh,hotnode,vc4_plain,4,1,6,4,1.0000,0.390177,4103.1741,28942,2.4410,4242.8528,3978.9901,0.180245,0.209932,47870,23211,0,24659,1024,1,1
ring,hotnode,vc2_qclass,2,2,8,2,0.0200,0.019979,8.5558,19,4.2805,8.5196,8.5892,0.009583,0.010396,959,959,0,0,2,1,0
ring,hotnode,vc2_qclass,2,2,8,2,0.0500,0.050453,9.3263,31,4.3189,9.2528,9.3929,0.023990,0.026464,2421,2421,0,0,2,1,0
ring,hotnode,vc2_qclass,2,2,8,2,0.0800,0.080932,9.9580,39,4.1894,9.6938,10.1845,0.037396,0.043536,3885,3885,0,0,2,1,0
ring,hotnode,vc2_qclass,2,2,8,2,0.1100,0.109677,10.9882,75,4.1765,10.6563,11.2766,0.050974,0.058703,5263,5263,0,0,3,1,0
ring,hotnode,vc2_qclass,2,2,8,2,0.1400,0.138953,13.1938,114,4.2767,12.5067,13.7742,0.063578,0.075375,6676,6676,0,0,5,1,0
ring,hotnode,vc2_qclass,2,2,8,2,0.1700,0.170021,19.6126,343,4.2564,17.3253,21.5882,0.078948,0.091073,8152,8152,0,0,14,1,0
ring,hotnode,vc2_qclass,2,2,8,2,0.2000,0.197063,156.5514,5898,4.2084,46.6670,252.5285,0.092932,0.104130,9592,9592,0,0,166,1,0
ring,hotnode,vc2_qclass,2,2,8,2,0.2400,0.219427,944.3725,12077,4.2711,495.7184,1335.1853,0.106313,0.113115,11451,11451,0,0,375,1,1
ring,hotnode,vc2_qclass,2,2,8,2,0.2800,0.229437,2243.1360,14593,4.2850,1457.0781,2922.9257,0.115182,0.114255,13449,13449,0,0,434,1,1
ring,hotnode,vc2_qclass,2,2,8,2,0.3200,0.236042,3595.8325,17802,4.2629,2412.1255,4628.2711,0.122130,0.113911,15370,15339,0,31,512,1,1
ring,hotnode,vc2_qclass,2,2,8,2,0.3600,0.239057,4940.0993,19771,4.2341,3290.9630,6384.3539,0.128062,0.110995,17299,17182,0,117,512,1,1
ring,hotnode,vc2_qclass,2,2,8,2,0.4000,0.243047,6171.8975,22278,4.2654,4378.9801,7825.0663,0.133109,0.109937,19218,18667,0,551,512,1,1
ring,hotnode,vc2_qclass,2,2,8,2,0.4500,0.246365,7447.4124,23839,4.3087,5407.2769,9537.9755,0.140214,0.106151,21547,19905,0,1642,512,1,1
ring,hotnode,vc2_qclass,2,2,8,2,0.5000,0.248281,8451.6663,25466,4.3187,6790.9731,10290.7139,0.140016,0.108266,24002,20682,0,3320,512,1,1
ring,hotnode,vc2_qclass,2,2,8,2,0.5500,0.242755,9514.7529,27013,4.2880,8140.8979,11147.1957,0.133932,0.108823,26332,21066,0,5266,512,1,1
ring,hotnode,vc2_qclass,2,2,8,2,0.6000,0.245203,10211.3614,28003,4.2874,9015.0597,11670.7229,0.133495,0.111708,28720,21402,0,7318,512,1,1
ring,hotnode,vc2_qclass,2,2,8,2,0.7000,0.243979,11398.5645,28902,4.2730,10535.4909,12500.4772,0.132286,0.111693,33557,21144,0,12413,512,1,1
ring,hotnode,vc2_qclass,2,2,8,2,0.8000,0.243750,12291.4656,30463,4.3055,11670.5623,13069.6398,0.129417,0.114333,38444,20523,0,17921,512,1,1
ring,hotnode,vc2_qclass,2,2,8,2,0.8500,0.244792,12642.9749,30528,4.2688,11971.0584,13499.9812,0.132578,0.112214,40895,20172,0,20723,512,1,1
ring,hotnode,vc2_qclass,2,2,8,2,0.9000,0.244094,13043.1670,30961,4.2880,12580.0356,13623.7271,0.130365,0.113729,43170,19660,0,23510,512,1,1
ring,hotnode,vc2_qclass,2,2,8,2,0.9400,0.244036,12977.5415,31100,4.2712,12502.0187,13576.6611,0.131203,0.112833,45073,19198,0,25875,512,1,1
ring,hotnode,vc2_qclass,2,2,8,2,0.9700,0.244729,13271.3826,31924,4.2869,12997.1464,13611.1109,0.130161,0.114568,46493,18918,0,27575,512,1,1
ring,hotnode,vc2_qclass,2,2,8,2,1.0000,0.244734,13220.2172,31518,4.2519,13042.4643,13443.6585,0.131370,0.113365,47870,18695,0,29175,512,1,1
mesh,hotnode,vc2_qclass,2,2,6,4,0.0200,0.019979,6.7299,13,2.5683,6.7783,6.6854,0.009583,0.010396,959,959,0,0,1,1,0
mesh,hotnode,vc2_qclass,2,2,6,4,0.0500,0.050438,7.0657,22,2.5547,6.9253,7.1929,0.023979,0.026458,2421,2421,0,0,1,1,0
mesh,hotnode,vc2_qclass,2,2,6,4,0.0800,0.080927,7.4880,30,2.5598,7.1428,7.7839,0.037385,0.043542,3885,3885,0,0,2,1,0
mesh,hotnode,vc2_qclass,2,2,6,4,0.1100,0.109693,7.9322,85,2.5109,7.1708,8.5938,0.051010,0.058682,5263,5263,0,0,2,1,0
mesh,hotnode,vc2_qclass,2,2,6,4,0.1400,0.139000,8.6311,99,2.5448,7.4076,9.6645,0.063646,0.075354,6676,6676,0,0,2,1,0
mesh,hotnode,vc2_qclass,2,2,6,4,0.1700,0.169682,10.4047,205,2.5213,7.9119,12.5578,0.078641,0.091042,8152,8152,0,0,7,1,0
mesh,hotnode,vc2_qclass,2,2,6,4,0.2000,0.199734,20.5535,1301,2.5353,14.0559,26.2287,0.093167,0.106568,9592,9592,0,0,36,1,0
mesh,hotnode,vc2_qclass,2,2,6,4,0.2400,0.229750,418.8022,12652,2.5496,157.4136,646.4922,0.111365,0.118385,11451,11451,0,0,402,1,0
mesh,hotnode,vc2_qclass,2,2,6,4,0.2800,0.253932,1006.7319,15281,2.5376,460.1332,1484.8715,0.125693,0.128240,13449,13367,0,82,512,1,1
mesh,hotnode,vc2_qclass,2,2,6,4,0.3200,0.265172,1744.6388,17199,2.5404,1398.9053,2058.8062,0.128156,0.137016,15370,15010,0,360,512,1,1
mesh,hotnode,vc2_qclass,2,2,6,4,0.3600,0.281885,2109.2990,18841,2.5178,1778.3959,2417.1401,0.134823,0.147063,17299,16535,0,764,512,1,1
mesh,hotnode,vc2_qclass,2,2,6,4,0.4000,0.301286,2301.6009,19798,2.4950,2029.9583,2561.2868,0.146245,0.155042,19218,17553,0,1665,512,1,1
mesh,hotnode,vc2_qclass,2,2,6,4,0.4500,0.320589,2680.2748,21794,2.4870,2348.8540,3002.1531,0.158271,0.162318,21547,18827,0,2720,512,1,1
mesh,hotnode,vc2_qclass,2,2,6,4,0.5000,0.347448,2905.5466,23135,2.4781,2495.7910,3312.6004,0.176125,0.171323,24002,20255,0,3747,512,1,1
mesh,hotnode,vc2_qclass,2,2,6,4,0.5500,0.361375,2990.7963,23324,2.4614,2928.0926,3054.9362,0.177833,0.183542,26332,21196,0,5136,512,1,1
mesh,hotnode,vc2_qclass,2,2,6,4,0.6000,0.374286,3126.2865,23618,2.4301,3287.4922,2965.3002,0.181344,0.192943,28720,22039,0,6681,512,1,1
mesh,hotnode,vc2_qclass,2,2,6,4,0.7000,0.395115,3706.1090,26082,2.4367,3432.9255,3980.0029,0.202609,0.192505,33557,23875,0,9682,512,1,1
mesh,hotnode,vc2_qclass,2,2,6,4,0.8000,0.394604,4010.9520,26286,2.4341,4160.7654,3851.3641,0.195021,0.199583,38444,24500,0,13944,512,1,1
mesh,hotnode,vc2_qclass,2,2,6,4,0.8500,0.387974,4174.3061,26707,2.4303,4514.8659,3826.8810,0.186302,0.201672,40895,24151,0,16744,512,1,1
mesh,hotnode,vc2_qclass,2,2,6,4,0.9000,0.389120,4276.2215,27318,2.4097,4861.2157,3707.9094,0.184438,0.204682,43170,23644,0,19526,512,1,1
mesh,hotnode,vc2_qclass,2,2,6,4,0.9400,0.397380,4144.0096,27483,2.4053,4720.4440,3586.1482,0.190109,0.207271,45073,23757,0,21316,512,1,1
mesh,hotnode,vc2_qclass,2,2,6,4,0.9700,0.394365,4365.0341,28591,2.4092,4890.7368,3867.2464,0.189802,0.204563,46493,23832,0,22661,512,1,1
mesh,hotnode,vc2_qclass,2,2,6,4,1.0000,0.395641,4315.1742,28694,2.4171,4809.5737,3842.4362,0.191281,0.204359,47870,23842,0,24028,512,1,1
ring,hotnode,vc4_class,4,2,8,2,0.0200,0.019979,8.5600,17,4.2805,8.5087,8.6072,0.009583,0.010396,959,959,0,0,1,1,0
ring,hotnode,vc4_class,4,2,8,2,0.0500,0.050438,9.2710,25,4.3189,9.1355,9.3937,0.023979,0.026458,2421,2421,0,0,2,1,0
ring,hotnode,vc4_class,4,2,8,2,0.0800,0.080932,9.8201,49,4.1894,9.5025,10.0923,0.037396,0.043536,3885,3885,0,0,2,1,0
ring,hotnode,vc4_class,4,2,8,2,0.1100,0.109677,10.6424,81,4.1765,10.1557,11.0653,0.050974,0.058703,5263,5263,0,0,2,1,0
ring,hotnode,vc4_class,4,2,8,2,0.1400,0.138974,12.2072,90,4.2767,11.0713,13.1666,0.063615,0.075359,6676,6676,0,0,5,1,0
ring,hotnode,vc4_class,4,2,8,2,0.1700,0.169911,15.0883,244,4.2564,12.0603,17.7037,0.078807,0.091104,8152,8152,0,0,8,1,0
ring,hotnode,vc4_class,4,2,8,2,0.2000,0.200005,33.3439,1022,4.2084,13.5910,50.5969,0.093193,0.106813,9592,9592,0,0,30,1,0
ring,hotnode,vc4_class,4,2,8,2,0.2400,0.227021,465.2794,12823,4.2713,16.5125,856.2545,0.111146,0.115875,11451,11450,0,1,512,1,1
ring,hotnode,vc4_class,4,2,8,2,0.2800,0.250021,1003.9035,15078,4.2878,21.9891,1870.4947,0.129714,0.120307,13449,13304,0,145,512,1,1
ring,hotnode,vc4_class,4,2,8,2,0.3200,0.270354,1482.3678,16934,4.2757,31.5417,2838.1418,0.148479,0.121875,15370,14793,0,577,512,1,1
ring,hotnode,vc4_class,4,2,8,2,0.3600,0.289911,1969.0380,18070,4.2372,71.2086,3789.7015,0.167260,0.122651,17299,16384,0,915,512,1,1
ring,hotnode,vc4_class,4,2,8,2,0.4000,0.297667,2551.1235,19555,4.2627,368.0995,4778.9275,0.179740,0.117927,19218,17730,0,1488,512,1,1
ring,hotnode,vc4_class,4,2,8,2,0.4500,0.299625,3563.4548,21401,4.2534,1224.0859,6120.7375,0.186016,0.113609,21547,19100,0,2447,512,1,1
ring,hotnode,vc4_class,4,2,8,2,0.5000,0.301672,4284.7351,22258,4.2576,2164.2886,6817.9749,0.188062,0.113609,24002,20022,0,3980,512,1,1
ring,hotnode,vc4_class,4,2,8,2,0.5500,0.297583,5099.2836,23744,4.2499,3242.3829,7556.1061,0.186276,0.111307,26332,20838,0,5494,512,1,1
ring,hotnode,vc4_class,4,2,8,2,0.6000,0.297849,5748.4798,25133,4.2599,4331.2625,7741.0403,0.184891,0.112958,28720,21774,0,6946,512,1,1
ring,hotnode,vc4_class,4,2,8,2,0.7000,0.300224,7140.1665,27410,4.2828,6056.3658,8877.9265,0.187615,0.112609,33557,23316,0,10241,512,1,1
ring,hotnode,vc4_class,4,2,8,2,0.8000,0.297349,8100.7139,29050,4.3272,7444.6131,9176.2743,0.182641,0.114708,38444,23197,0,15247,512,1,1
ring,hotnode,vc4_class,4,2,8,2,0.8500,0.301740,8217.3919,28835,4.3185,7751.9170,8999.8125,0.187698,0.114042,40895,22903,0,17992,512,1,1
ring,hotnode,vc4_class,4,2,8,2,0.9000,0.300740,8733.2249,29482,4.3244,8207.3126,9604.8372,0.185583,0.115156,43170,22683,0,20487,512,1,1
ring,hotnode,vc4_class,4,2,8,2,0.9400,0.300812,8762.3174,29831,4.3334,8484.7851,9224.8379,0.185083,0.115729,45073,22143,0,22930,512,1,1
ring,hotnode,vc4_class,4,2,8,2,0.9700,0.302573,8733.2035,30192,4.3451,8604.3845,8951.6103,0.185594,0.116979,46493,21941,0,24552,512,1,1
ring,hotnode,vc4_class,4,2,8,2,1.0000,0.301583,8877.8543,30404,4.3329,8875.1580,8882.4083,0.184542,0.117042,47870,21641,0,26229,512,1,1
mesh,hotnode,vc4_class,4,2,6,4,0.0200,0.019979,6.7299,13,2.5683,6.7783,6.6854,0.009583,0.010396,959,959,0,0,1,1,0
mesh,hotnode,vc4_class,4,2,6,4,0.0500,0.050438,7.0698,22,2.5547,6.9348,7.1921,0.023979,0.026458,2421,2421,0,0,1,1,0
mesh,hotnode,vc4_class,4,2,6,4,0.0800,0.080927,7.4983,30,2.5598,7.1428,7.8031,0.037385,0.043542,3885,3885,0,0,1,1,0
mesh,hotnode,vc4_class,4,2,6,4,0.1100,0.109693,7.9441,85,2.5109,7.1749,8.6126,0.051010,0.058682,5263,5263,0,0,2,1,0
mesh,hotnode,vc4_class,4,2,6,4,0.1400,0.138995,8.6546,100,2.5448,7.3827,9.7289,0.063646,0.075349,6676,6676,0,0,2,1,0
mesh,hotnode,vc4_class,4,2,6,4,0.1700,0.169750,10.2293,188,2.5213,7.4984,12.5880,0.078703,0.091047,8152,8152,0,0,7,1,0
mesh,hotnode,vc4_class,4,2,6,4,0.2000,0.199703,18.0196,1420,2.5353,7.7048,27.0289,0.093167,0.106536,9592,9592,0,0,39,1,0
mesh,hotnode,vc4_class,4,2,6,4,0.2400,0.229198,338.4612,12741,2.5496,8.0343,626.2889,0.111104,0.118094,11451,11451,0,0,446,1,0
mesh,hotnode,vc4_class,4,2,6,4,0.2800,0.257667,727.2918,15208,2.5404,8.2822,1362.3950,0.129833,0.127833,13449,13298,0,151,512,1,1
mesh,hotnode,vc4_class,4,2,6,4,0.3200,0.285323,992.0454,17087,2.5403,8.5246,1896.5807,0.149016,0.136307,15370,14916,0,454,512,1,1
mesh,hotnode,vc4_class,4,2,6,4,0.3600,0.313516,1170.4553,18905,2.5174,8.6003,2263.5010,0.167151,0.146365,17299,16549,0,750,512,1,1
mesh,hotnode,vc4_class,4,2,6,4,0.4000,0.339755,1240.6246,20011,2.4920,8.9282,2477.1538,0.186448,0.153307,19218,17875,0,1343,512,1,1
mesh,hotnode,vc4_class,4,2,6,4,0.4500,0.370823,1288.8827,21299,2.4752,9.0938,2680.4724,0.210656,0.160167,21547,19402,0,2145,512,1,1
mesh,hotnode,vc4_class,4,2,6,4,0.5000,0.403375,1355.7867,22531,2.4697,9.5822,2887.2287,0.234417,0.168958,24002,21143,0,2859,512,1,1
mesh,hotnode,vc4_class,4,2,6,4,0.5500,0.438031,1323.4793,23335,2.4646,10.0033,2887.4433,0.256917,0.181115,26332,22676,0,3656,512,1,1
mesh,hotnode,vc4_class,4,2,6,4,0.6000,0.471990,1226.5745,23521,2.4390,10.4236,2740.0366,0.281443,0.190547,28720,24348,0,4372,512,1,1
mesh,hotnode,vc4_class,4,2,6,4,0.7000,0.520026,1603.0472,25950,2.4386,11.6020,3737.9424,0.329255,0.190771,33557,27585,0,5972,512,1,1
mesh,hotnode,vc4_class,4,2,6,4,0.8000,0.568042,1480.3922,26314,2.4581,13.2499,3792.2179,0.376875,0.191167,38444,29572,0,8872,512,1,1
mesh,hotnode,vc4_class,4,2,6,4,0.8500,0.587490,1328.2294,26385,2.4571,14.3407,3571.6482,0.399219,0.188271,40895,30394,0,10501,512,1,1
mesh,hotnode,vc4_class,4,2,6,4,0.9000,0.609266,1190.4788,26790,2.4541,15.4404,3322.2632,0.420510,0.188755,43170,31297,0,11873,512,1,1
mesh,hotnode,vc4_class,4,2,6,4,0.9400,0.628193,1159.6684,26785,2.4469,16.1456,3290.5112,0.437229,0.190964,45073,32219,0,12854,512,1,1
mesh,hotnode,vc4_class,4,2,6,4,0.9700,0.636745,1260.8794,27977,2.4602,20.3962,3615.8701,0.450844,0.185901,46493,33022,0,13471,512,1,1
mesh,hotnode,vc4_class,4,2,6,4,1.0000,0.649880,1188.1080,28049,2.4625,23.9512,3492.4418,0.464333,0.185547,47870,33557,0,14313,512,1,1
ring,uniform,vc4_class,4,2,8,2,0.0200,0.020000,8.5723,17,4.3632,8.5723,0.0000,0.020000,0.000000,961,961,0,0,1,1,0
ring,uniform,vc4_class,4,2,8,2,0.0500,0.050833,9.0012,23,4.2321,9.0012,0.0000,0.050833,0.000000,2439,2439,0,0,2,1,0
ring,uniform,vc4_class,4,2,8,2,0.0800,0.080953,9.6789,33,4.2447,9.6789,0.0000,0.080953,0.000000,3883,3883,0,0,3,1,0
ring,uniform,vc4_class,4,2,8,2,0.1100,0.109578,10.7706,45,4.3240,10.7706,0.0000,0.109578,0.000000,5262,5262,0,0,3,1,0
ring,uniform,vc4_class,4,2,8,2,0.1400,0.138849,11.9322,75,4.2392,11.9322,0.0000,0.138849,0.000000,6663,6663,0,0,5,1,0
ring,uniform,vc4_class,4,2,8,2,0.1700,0.169073,14.0227,102,4.2672,14.0227,0.0000,0.169073,0.000000,8114,8114,0,0,6,1,0
ring,uniform,vc4_class,4,2,8,2,0.2000,0.200026,18.6346,166,4.2658,18.6346,0.0000,0.200026,0.000000,9592,9592,0,0,8,1,0
ring,uniform,vc4_class,4,2,8,2,0.2400,0.239307,33.6433,262,4.2594,33.6433,0.0000,0.239307,0.000000,11467,11467,0,0,17,1,0
ring,uniform,vc4_class,4,2,8,2,0.2800,0.267464,498.9643,2123,4.2627,498.9643,0.0000,0.267464,0.000000,13468,13468,0,0,139,1,0
ring,uniform,vc4_class,4,2,8,2,0.3200,0.272401,1610.4297,4012,4.2779,1610.4297,0.0000,0.272401,0.000000,15336,15336,0,0,290,1,1
ring,uniform,vc4_class,4,2,8,2,0.3600,0.268156,3167.0527,6460,4.2826,3167.0527,0.0000,0.268156,0.000000,17254,17254,0,0,501,1,1
ring,uniform,vc4_class,4,2,8,2,0.4000,0.268448,4268.6805,7841,4.2471,4268.6805,0.0000,0.268448,0.000000,19117,18471,0,646,512,1,1
ring,uniform,vc4_class,4,2,8,2,0.4500,0.272417,5182.0503,9335,4.2416,5182.0503,0.0000,0.272417,0.000000,21482,18533,0,2949,512,1,1
ring,uniform,vc4_class,4,2,8,2,0.5000,0.272188,5883.0458,9385,4.2711,5883.0458,0.0000,0.272188,0.000000,23901,18091,0,5810,512,1,1
ring,uniform,vc4_class,4,2,8,2,0.5500,0.269130,6365.6624,9337,4.2689,6365.6624,0.0000,0.269130,0.000000,26331,17593,0,8738,512,1,1
ring,uniform,vc4_class,4,2,8,2,0.6000,0.268922,6676.9982,9147,4.2799,6676.9982,0.0000,0.268922,0.000000,28761,17015,0,11746,512,1,1
ring,uniform,vc4_class,4,2,8,2,0.7000,0.270188,7105.4505,9513,4.2330,7105.4505,0.0000,0.270188,0.000000,33485,15983,0,17502,512,1,1
ring,uniform,vc4_class,4,2,8,2,0.8000,0.268297,7361.8566,9307,4.2535,7361.8566,0.0000,0.268297,0.000000,38359,14631,0,23728,512,1,1
ring,uniform,vc4_class,4,2,8,2,0.8500,0.269000,7460.9126,9916,4.2918,7460.9126,0.0000,0.269000,0.000000,40785,14117,0,26668,512,1,1
ring,uniform,vc4_class,4,2,8,2,0.9000,0.269370,7519.7348,9258,4.2676,7519.7348,0.0000,0.269370,0.000000,43227,13569,0,29720,512,1,1
ring,uniform,vc4_class,4,2,8,2,0.9400,0.269240,7534.5408,9590,4.2956,7534.5408,0.0000,0.269240,0.000000,45127,13304,0,32045,512,1,1
ring,uniform,vc4_class,4,2,8,2,0.9700,0.268052,7538.8447,9250,4.2934,7538.8447,0.0000,0.268052,0.000000,46590,13009,0,34031,512,1,1
ring,uniform,vc4_class,4,2,8,2,1.0000,0.272531,7492.5779,9344,4.2701,7492.5779,0.0000,0.272531,0.000000,47987,13148,0,35552,512,1,1
mesh,uniform,vc4_class,4,2,6,4,0.0200,0.020021,6.8783,13,2.7575,6.8783,0.0000,0.020021,0.000000,961,961,0,0,1,1,0
mesh,uniform,vc4_class,4,2,6,4,0.0500,0.050833,6.9114,16,2.6109,6.9114,0.0000,0.050833,0.000000,2439,2439,0,0,1,1,0
mesh,uniform,vc4_class,4,2,6,4,0.0800,0.080943,7.1092,21,2.6377,7.1092,0.0000,0.080943,0.000000,3883,3883,0,0,2,1,0
mesh,uniform,vc4_class,4,2,6,4,0.1100,0.109615,7.3331,18,2.6634,7.3331,0.0000,0.109615,0.000000,5262,5262,0,0,2,1,0
mesh,uniform,vc4_class,4,2,6,4,0.1400,0.138781,7.5037,25,2.6664,7.5037,0.0000,0.138781,0.000000,6663,6663,0,0,2,1,0
mesh,uniform,vc4_class,4,2,6,4,0.1700,0.169031,7.6834,25,2.6533,7.6834,0.0000,0.169031,0.000000,8114,8114,0,0,3,1,0
mesh,uniform,vc4_class,4,2,6,4,0.2000,0.199833,7.8614,20,2.6685,7.8614,0.0000,0.199833,0.000000,9592,9592,0,0,2,1,0
mesh,uniform,vc4_class,4,2,6,4,0.2400,0.238943,8.1789,26,2.6853,8.1789,0.0000,0.238943,0.000000,11467,11467,0,0,3,1,0
mesh,uniform,vc4_class,4,2,6,4,0.2800,0.280464,8.5102,36,2.6761,8.5102,0.0000,0.280464,0.000000,13468,13468,0,0,3,1,0
mesh,uniform,vc4_class,4,2,6,4,0.3200,0.319604,8.8528,56,2.6681,8.8528,0.0000,0.319604,0.000000,15336,15336,0,0,5,1,0
mesh,uniform,vc4_class,4,2,6,4,0.3600,0.359510,9.2238,62,2.6524,9.2238,0.0000,0.359510,0.000000,17254,17254,0,0,5,1,0
mesh,uniform,vc4_class,4,2,6,4,0.4000,0.398250,9.6477,54,2.6715,9.6477,0.0000,0.398250,0.000000,19117,19117,0,0,4,1,0
mesh,uniform,vc4_class,4,2,6,4,0.4500,0.447594,10.3098,82,2.6533,10.3098,0.0000,0.447594,0.000000,21482,21482,0,0,7,1,0
mesh,uniform,vc4_class,4,2,6,4,0.5000,0.498031,11.2962,85,2.6656,11.2962,0.0000,0.498031,0.000000,23901,23901,0,0,9,1,0
mesh,uniform,vc4_class,4,2,6,4,0.5500,0.548526,12.9473,116,2.6770,12.9473,0.0000,0.548526,0.000000,26331,26331,0,0,16,1,0
mesh,uniform,vc4_class,4,2,6,4,0.6000,0.599167,15.8644,158,2.6657,15.8644,0.0000,0.599167,0.000000,28761,28761,0,0,23,1,0
mesh,uniform,vc4_class,4,2,6,4,0.7000,0.693203,133.8363,1365,2.6686,133.8363,0.0000,0.693203,0.000000,33485,33485,0,0,210,1,0
mesh,uniform,vc4_class,4,2,6,4,0.8000,0.724094,859.1812,4227,2.6741,859.1812,0.0000,0.724094,0.000000,38359,37308,0,1051,512,1,1
mesh,uniform,vc4_class,4,2,6,4,0.8500,0.725344,1207.4819,4410,2.7019,1207.4819,0.0000,0.725344,0.000000,40785,37715,0,3070,512,1,1
mesh,uniform,vc4_class,4,2,6,4,0.9000,0.732026,1553.4040,4388,2.7028,1553.4040,0.0000,0.732026,0.000000,43227,38543,0,4684,512,1,1
mesh,uniform,vc4_class,4,2,6,4,0.9400,0.730490,1714.0040,4822,2.7168,1714.0040,0.0000,0.730490,0.000000,45127,38615,0,6512,512,1,1
mesh,uniform,vc4_class,4,2,6,4,0.9700,0.731078,1826.2245,4654,2.7207,1826.2245,0.0000,0.731078,0.000000,46590,38742,0,7848,512,1,1
mesh,uniform,vc4_class,4,2,6,4,1.0000,0.729797,2026.4083,4501,2.7323,2026.4083,0.0000,0.729797,0.000000,47987,38732,0,9255,512,1,1
torus,uniform,baseline_vc2,2,1,4,8,0.0200,0.020021,6.2758,16,2.1748,6.2758,0.0000,0.020021,0.000000,961,961,0,0,1,1,0
torus,uniform,baseline_vc2,2,1,4,8,0.0500,0.050833,6.3173,17,2.0935,6.3173,0.0000,0.050833,0.000000,2439,2439,0,0,2,1,0
torus,uniform,baseline_vc2,2,1,4,8,0.0800,0.080927,6.5403,24,2.1221,6.5403,0.0000,0.080927,0.000000,3883,3883,0,0,3,1,0
torus,uniform,baseline_vc2,2,1,4,8,0.1100,0.109609,6.7818,32,2.1389,6.7818,0.0000,0.109609,0.000000,5262,5262,0,0,3,1,0
torus,uniform,baseline_vc2,2,1,4,8,0.1400,0.138781,6.9050,30,2.1246,6.9050,0.0000,0.138781,0.000000,6663,6663,0,0,3,1,0
torus,uniform,baseline_vc2,2,1,4,8,0.1700,0.169052,7.1753,30,2.1377,7.1753,0.0000,0.169052,0.000000,8114,8114,0,0,3,1,0
torus,uniform,baseline_vc2,2,1,4,8,0.2000,0.199833,7.4074,31,2.1307,7.4074,0.0000,0.199833,0.000000,9592,9592,0,0,4,1,0
torus,uniform,baseline_vc2,2,1,4,8,0.2400,0.238922,7.8299,38,2.1465,7.8299,0.0000,0.238922,0.000000,11467,11467,0,0,4,1,0
torus,uniform,baseline_vc2,2,1,4,8,0.2800,0.280323,8.4655,54,2.1481,8.4655,0.0000,0.280323,0.000000,13468,13468,0,0,5,1,0
torus,uniform,baseline_vc2,2,1,4,8,0.3200,0.319599,9.1890,65,2.1407,9.1890,0.0000,0.319599,0.000000,15336,15336,0,0,7,1,0
torus,uniform,baseline_vc2,2,1,4,8,0.3600,0.359516,10.2495,65,2.1298,10.2495,0.0000,0.359516,0.000000,17254,17254,0,0,7,1,0
torus,uniform,baseline_vc2,2,1,4,8,0.4000,0.398349,11.3302,87,2.1306,11.3302,0.0000,0.398349,0.000000,19117,19117,0,0,10,1,0
torus,uniform,baseline_vc2,2,1,4,8,0.4500,0.447719,14.5708,96,2.1250,14.5708,0.0000,0.447719,0.000000,21482,21482,0,0,16,1,0
torus,uniform,baseline_vc2,2,1,4,8,0.5000,0.498370,22.0917,171,2.1330,22.0917,0.0000,0.498370,0.000000,23901,23901,0,0,22,1,0
torus,uniform,baseline_vc2,2,1,4,8,0.5500,0.549135,72.8582,596,2.1376,72.8582,0.0000,0.549135,0.000000,26331,26331,0,0,77,1,0
torus,uniform,baseline_vc2,2,1,4,8,0.6000,0.574781,555.5388,1899,2.1361,555.5388,0.0000,0.574781,0.000000,28761,28761,0,0,279,1,0
torus,uniform,baseline_vc2,2,1,4,8,0.7000,0.584297,1903.6896,4530,2.1348,1903.6896,0.0000,0.584297,0.000000,33485,33485,0,0,734,1,1
torus,uniform,baseline_vc2,2,1,4,8,0.8000,0.584000,3366.2608,7091,2.1336,3366.2608,0.0000,0.584000,0.000000,38359,38280,0,79,1024,1,1
torus,uniform,baseline_vc2,2,1,4,8,0.8500,0.585943,4048.3697,7957,2.1345,4048.3697,0.0000,0.585943,0.000000,40785,39560,0,1225,1024,1,1
torus,uniform,baseline_vc2,2,1,4,8,0.9000,0.587708,4597.4709,7829,2.1280,4597.4709,0.0000,0.587708,0.000000,43227,40369,0,2858,1024,1,1
torus,uniform,baseline_vc2,2,1,4,8,0.9400,0.586385,4895.0025,7970,2.1332,4895.0025,0.0000,0.586385,0.000000,45127,40179,0,4948,1024,1,1
torus,uniform,baseline_vc2,2,1,4,8,0.9700,0.584521,5148.4200,8089,2.1330,5148.4200,0.0000,0.584521,0.000000,46590,39705,0,6885,1024,1,1
torus,uniform,baseline_vc2,2,1,4,8,1.0000,0.587052,5284.4037,7784,2.1372,5284.4037,0.0000,0.587052,0.000000,47987,39452,0,8535,1024,1,1
torus,hotnode,baseline_vc2,2,1,4,8,0.0200,0.019979,6.2471,11,2.1491,6.1848,6.3046,0.009583,0.010396,959,959,0,0,2,1,0
torus,hotnode,baseline_vc2,2,1,4,8,0.0500,0.050438,6.5601,22,2.1475,6.3102,6.7866,0.023979,0.026458,2421,2421,0,0,2,1,0
torus,hotnode,baseline_vc2,2,1,4,8,0.0800,0.080927,6.8857,36,2.1341,6.5226,7.1969,0.037385,0.043542,3885,3885,0,0,3,1,0
torus,hotnode,baseline_vc2,2,1,4,8,0.1100,0.109677,7.2069,46,2.1089,6.6690,7.6744,0.050995,0.058682,5263,5263,0,0,3,1,0
torus,hotnode,baseline_vc2,2,1,4,8,0.1400,0.139021,7.9572,105,2.1269,7.0762,8.7013,0.063635,0.075385,6676,6676,0,0,6,1,0
torus,hotnode,baseline_vc2,2,1,4,8,0.1700,0.169661,9.9423,328,2.1288,8.1601,11.4817,0.078641,0.091021,8152,8152,0,0,13,1,0
torus,hotnode,baseline_vc2,2,1,4,8,0.2000,0.199729,21.4260,944,2.1371,19.0631,23.4898,0.093135,0.106594,9592,9592,0,0,50,1,0
torus,hotnode,baseline_vc2,2,1,4,8,0.2400,0.228505,445.9372,9827,2.1361,404.9647,481.6275,0.106901,0.121604,11451,11451,0,0,605,1,0
torus,hotnode,baseline_vc2,2,1,4,8,0.2800,0.255276,926.9113,13221,2.1374,842.1776,1000.1897,0.118995,0.136281,13449,13449,0,0,974,1,1
torus,hotnode,baseline_vc2,2,1,4,8,0.3200,0.280583,1369.6689,14919,2.1466,1302.3353,1428.2825,0.131505,0.149078,15370,15209,0,161,1024,1,1
torus,hotnode,baseline_vc2,2,1,4,8,0.3600,0.305594,1618.8385,17196,2.1293,1519.4647,1704.8019,0.143208,0.162385,17299,16778,0,521,1024,1,1
torus,hotnode,baseline_vc2,2,1,4,8,0.4000,0.329500,1856.6495,18887,2.1343,1700.1722,1993.5289,0.155526,0.173974,19218,18187,0,1031,1024,1,1
torus,hotnode,baseline_vc2,2,1,4,8,0.4500,0.353125,2200.3642,20445,2.1343,1993.7377,2385.2196,0.168063,0.185062,21547,19744,0,1803,1024,1,1
torus,hotnode,baseline_vc2,2,1,4,8,0.5000,0.378547,2610.1614,22878,2.1223,2442.2288,2761.5222,0.181583,0.196964,24002,21483,0,2519,1024,1,1
torus,hotnode,baseline_vc2,2,1,4,8,0.5500,0.393203,3232.5306,24341,2.1181,3238.6870,3226.9679,0.185547,0.207656,26332,23252,0,3080,1024,1,1
torus,hotnode,baseline_vc2,2,1,4,8,0.6000,0.399615,3702.7104,25575,2.1046,3712.6754,3693.8891,0.185365,0.214250,28720,24606,0,4114,1024,1,1
torus,hotnode,baseline_vc2,2,1,4,8,0.7000,0.397589,4998.8406,27560,2.1199,5091.2565,4916.5344,0.185026,0.212562,33557,27013,0,6544,1024,1,1
torus,hotnode,baseline_vc2,2,1,4,8,0.8000,0.399625,5981.4984,29048,2.1166,6080.3990,5894.1307,0.185568,0.214057,38444,28846,0,9598,1024,1,1
torus,hotnode,baseline_vc2,2,1,4,8,0.8500,0.397505,6577.9187,29952,2.1245,6709.9191,6462.0161,0.185536,0.211969,40895,29352,0,11543,1024,1,1
torus,hotnode,baseline_vc2,2,1,4,8,0.9000,0.400505,6993.8419,30374,2.1148,7155.5575,6853.6871,0.186214,0.214292,43170,29430,0,13740,1024,1,1
torus,hotnode,baseline_vc2,2,1,4,8,0.9400,0.396771,7176.8980,30588,2.1073,7262.4723,7103.3814,0.183484,0.213286,45073,28816,0,16257,1024,1,1
torus,hotnode,baseline_vc2,2,1,4,8,0.9700,0.397250,7383.5224,30475,2.1110,7560.5665,7230.8039,0.183880,0.213370,46493,28468,0,18025,1024,1,1
torus,hotnode,baseline_vc2,2,1,4,8,1.0000,0.394958,7439.8054,30647,2.1104,7537.8806,7355.9002,0.181948,0.213010,47870,28061,0,19809,1024,1,1
torus,uniform,vc4_plain,4,1,4,8,0.0200,0.020021,6.2653,12,2.1748,6.2653,0.0000,0.020021,0.000000,961,961,0,0,1,1,0
torus,uniform,vc4_plain,4,1,4,8,0.0500,0.050833,6.2858,16,2.0935,6.2858,0.0000,0.050833,0.000000,2439,2439,0,0,1,1,0
torus,uniform,vc4_plain,4,1,4,8,0.0800,0.080922,6.4888,17,2.1221,6.4888,0.0000,0.080922,0.000000,3883,3883,0,0,2,1,0
torus,uniform,vc4_plain,4,1,4,8,0.1100,0.109615,6.6661,16,2.1389,6.6661,0.0000,0.109615,0.000000,5262,5262,0,0,2,1,0
torus,uniform,vc4_plain,4,1,4,8,0.1400,0.138797,6.7320,20,2.1246,6.7320,0.0000,0.138797,0.000000,6663,6663,0,0,2,1,0
torus,uniform,vc4_plain,4,1,4,8,0.1700,0.169047,6.9002,23,2.1377,6.9002,0.0000,0.169047,0.000000,8114,8114,0,0,2,1,0
torus,uniform,vc4_plain,4,1,4,8,0.2000,0.199828,7.0006,19,2.1307,7.0006,0.0000,0.199828,0.000000,9592,9592,0,0,3,1,0
torus,uniform,vc4_plain,4,1,4,8,0.2400,0.238922,7.2242,21,2.1465,7.2242,0.0000,0.238922,0.000000,11467,11467,0,0,3,1,0
torus,uniform,vc4_plain,4,1,4,8,0.2800,0.280479,7.4635,36,2.1481,7.4635,0.0000,0.280479,0.000000,13468,13468,0,0,3,1,0
torus,uniform,vc4_plain,4,1,4,8,0.3200,0.319552,7.6901,34,2.1407,7.6901,0.0000,0.319552,0.000000,15336,15336,0,0,3,1,0
torus,uniform,vc4_plain,4,1,4,8,0.3600,0.359479,7.9354,52,2.1298,7.9354,0.0000,0.359479,0.000000,17254,17254,0,0,4,1,0
torus,uniform,vc4_plain,4,1,4,8,0.4000,0.398286,8.1001,39,2.1306,8.1001,0.0000,0.398286,0.000000,19117,19117,0,0,4,1,0
torus,uniform,vc4_plain,4,1,4,8,0.4500,0.447531,8.5480,58,2.1250,8.5480,0.0000,0.447531,0.000000,21482,21482,0,0,5,1,0
torus,uniform,vc4_plain,4,1,4,8,0.5000,0.498073,8.9820,60,2.1330,8.9820,0.0000,0.498073,0.000000,23901,23901,0,0,6,1,0
torus,uniform,vc4_plain,4,1,4,8,0.5500,0.548521,9.6734,72,2.1376,9.6734,0.0000,0.548521,0.000000,26331,26331,0,0,9,1,0
torus,uniform,vc4_plain,4,1,4,8,0.6000,0.599177,10.4028,83,2.1361,10.4028,0.0000,0.599177,0.000000,28761,28761,0,0,15,1,0
torus,uniform,vc4_plain,4,1,4,8,0.7000,0.697937,12.8698,145,2.1348,12.8698,0.0000,0.697937,0.000000,33485,33485,0,0,21,1,0
torus,uniform,vc4_plain,4,1,4,8,0.8000,0.800000,21.5143,189,2.1337,21.5143,0.0000,0.800000,0.000000,38359,38359,0,0,29,1,0
torus,uniform,vc4_plain,4,1,4,8,0.8500,0.848729,46.5863,322,2.1352,46.5863,0.0000,0.848729,0.000000,40785,40785,0,0,56,1,0
torus,uniform,vc4_plain,4,1,4,8,0.9000,0.884469,241.2553,2201,2.1269,241.2553,0.0000,0.884469,0.000000,43227,43227,0,0,469,1,0
torus,uniform,vc4_plain,4,1,4,8,0.9400,0.900656,515.3434,2108,2.1320,515.3434,0.0000,0.900656,0.000000,45127,45127,0,0,474,1,0
torus,uniform,vc4_plain,4,1,4,8,0.9700,0.905526,760.0004,3063,2.1331,760.0004,0.0000,0.905526,0.000000,46590,46590,0,0,686,1,1
torus,uniform,vc4_plain,4,1,4,8,1.0000,0.905521,1016.6576,3226,2.1382,1016.6576,0.0000,0.905521,0.000000,47987,47987,0,0,757,1,1
torus,hotnode,vc4_plain,4,1,4,8,0.0200,0.019979,6.2565,11,2.1491,6.1761,6.3307,0.009583,0.010396,959,959,0,0,1,1,0
torus,hotnode,vc4_plain,4,1,4,8,0.0500,0.050438,6.4891,16,2.1475,6.2537,6.7024,0.023979,0.026458,2421,2421,0,0,1,1,0
torus,hotnode,vc4_plain,4,1,4,8,0.0800,0.080927,6.7547,29,2.1341,6.4110,7.0492,0.037385,0.043542,3885,3885,0,0,2,1,0
torus,hotnode,vc4_plain,4,1,4,8,0.1100,0.109687,6.9166,30,2.1089,6.4647,7.3093,0.051005,0.058682,5263,5263,0,0,2,1,0
torus,hotnode,vc4_plain,4,1,4,8,0.1400,0.139063,7.2981,45,2.1269,6.6487,7.8466,0.063656,0.075406,6676,6676,0,0,2,1,0
torus,hotnode,vc4_plain,4,1,4,8,0.1700,0.169813,7.8131,103,2.1288,6.7655,8.7179,0.078682,0.091130,8152,8152,0,0,4,1,0
torus,hotnode,vc4_plain,4,1,4,8,0.2000,0.199875,8.4554,115,2.1371,7.0309,9.6996,0.093182,0.106693,9592,9592,0,0,5,1,0
torus,hotnode,vc4_plain,4,1,4,8,0.2400,0.238755,11.0561,344,2.1361,8.6950,13.1127,0.111104,0.127651,11451,11451,0,0,28,1,0
torus,hotnode,vc4_plain,4,1,4,8,0.2800,0.278693,94.8136,2118,2.1374,86.6575,101.8670,0.129104,0.149589,13449,13449,0,0,140,1,0
torus,hotnode,vc4_plain,4,1,4,8,0.3200,0.303219,488.4044,12402,2.1450,473.9783,500.9408,0.141266,0.161953,15370,15367,0,3,1024,1,1
torus,hotnode,vc4_plain,4,1,4,8,0.3600,0.327578,757.2864,13922,2.1310,717.4855,791.7536,0.152333,0.175245,17299,16988,0,311,1024,1,1
torus,hotnode,vc4_plain,4,1,4,8,0.4000,0.352401,968.5945,14660,2.1408,882.0068,1044.1740,0.165474,0.186927,19218,18429,0,789,1024,1,1
torus,hotnode,vc4_plain,4,1,4,8,0.4500,0.382422,1283.5265,16760,2.1481,1153.8265,1399.7540,0.182286,0.200135,21547,20262,0,1285,1024,1,1
torus,hotnode,vc4_plain,4,1,4,8,0.5000,0.411068,1363.7880,17894,2.1299,1223.7327,1489.8439,0.196760,0.214307,24002,21746,0,2256,1024,1,1
torus,hotnode,vc4_plain,4,1,4,8,0.5500,0.449411,1284.7842,18297,2.1150,1207.0261,1355.1156,0.215229,0.234182,26332,23370,0,2962,1024,1,1
torus,hotnode,vc4_plain,4,1,4,8,0.6000,0.481635,1344.5620,19438,2.0949,1205.7299,1468.8859,0.229698,0.251937,28720,25176,0,3544,1024,1,1
torus,hotnode,vc4_plain,4,1,4,8,0.7000,0.503641,2229.5857,22068,2.1131,2223.6737,2234.9378,0.237990,0.265651,33557,28082,0,5475,1024,1,1
torus,hotnode,vc4_plain,4,1,4,8,0.8000,0.520667,2838.7277,23471,2.1120,2848.4017,2830.0496,0.245677,0.274990,38444,30201,0,8243,1024,1,1
torus,hotnode,vc4_plain,4,1,4,8,0.8500,0.516516,3414.0120,24669,2.1248,3448.8819,3383.2133,0.242375,0.274141,40895,31454,0,9441,1024,1,1
torus,hotnode,vc4_plain,4,1,4,8,0.9000,0.522896,3738.0575,25323,2.1202,3803.3107,3680.6177,0.244656,0.278240,43170,32615,0,10555,1024,1,1
torus,hotnode,vc4_plain,4,1,4,8,0.9400,0.520521,4054.8634,25807,2.1112,4070.5694,4041.2010,0.241745,0.278776,45073,33168,0,11905,1024,1,1
torus,hotnode,vc4_plain,4,1,4,8,0.9700,0.514932,4454.1168,26284,2.1202,4570.9378,4352.6186,0.237729,0.277203,46493,33796,0,12697,1024,1,1
torus,hotnode,vc4_plain,4,1,4,8,1.0000,0.516672,4606.3768,26314,2.1125,4666.8948,4554.1828,0.238776,0.277896,47870,33919,0,13951,1024,1,1
torus,hotnode,vc4_class,4,2,4,8,0.0200,0.019979,6.2430,11,2.1491,6.1717,6.3086,0.009583,0.010396,959,959,0,0,1,1,0
torus,hotnode,vc4_class,4,2,4,8,0.0500,0.050438,6.5357,22,2.1475,6.2745,6.7724,0.023979,0.026458,2421,2421,0,0,2,1,0
torus,hotnode,vc4_class,4,2,4,8,0.0800,0.080927,6.8118,36,2.1341,6.4194,7.1482,0.037385,0.043542,3885,3885,0,0,2,1,0
torus,hotnode,vc4_class,4,2,4,8,0.1100,0.109677,7.1049,46,2.1089,6.5186,7.6143,0.050995,0.058682,5263,5263,0,0,2,1,0
torus,hotnode,vc4_class,4,2,4,8,0.1400,0.139042,7.8059,128,2.1269,6.7053,8.7356,0.063656,0.075385,6676,6676,0,0,4,1,0
torus,hotnode,vc4_class,4,2,4,8,0.1700,0.169682,9.3564,336,2.1288,6.8245,11.5432,0.078682,0.091000,8152,8152,0,0,10,1,0
torus,hotnode,vc4_class,4,2,4,8,0.2000,0.199755,16.4998,1152,2.1371,7.0447,24.7582,0.093193,0.106563,9592,9592,0,0,37,1,0
torus,hotnode,vc4_class,4,2,4,8,0.2400,0.232380,256.2049,10326,2.1361,7.2596,473.0557,0.111109,0.121271,11451,11451,0,0,373,1,0
torus,hotnode,vc4_class,4,2,4,8,0.2800,0.264797,524.3476,14352,2.1401,7.5408,975.1621,0.129802,0.134995,13449,13387,0,62,512,1,1
torus,hotnode,vc4_class,4,2,4,8,0.3200,0.296375,682.9198,15965,2.1450,7.8855,1291.0634,0.149021,0.147354,15370,15078,0,292,512,1,1
torus,hotnode,vc4_class,4,2,4,8,0.3600,0.327479,813.5867,17747,2.1308,7.9960,1547.3721,0.167104,0.160375,17299,16829,0,470,512,1,1
torus,hotnode,vc4_class,4,2,4,8,0.4000,0.358099,785.5980,18251,2.1190,8.5435,1534.0677,0.186438,0.171661,19218,18252,0,966,512,1,1
torus,hotnode,vc4_class,4,2,4,8,0.4500,0.395547,922.8715,20007,2.1207,9.0445,1840.1473,0.210661,0.184885,21547,20176,0,1371,512,1,1
torus,hotnode,vc4_class,4,2,4,8,0.5000,0.430818,1014.0713,21408,2.1076,9.5212,2055.5527,0.234505,0.196313,24002,22105,0,1897,512,1,1
torus,hotnode,vc4_class,4,2,4,8,0.5500,0.469531,1072.1487,22186,2.1026,10.1784,2194.8785,0.256937,0.212594,26332,23983,0,2349,512,1,1
torus,hotnode,vc4_class,4,2,4,8,0.6000,0.504219,1142.3296,22926,2.0915,11.2276,2376.0596,0.281391,0.222828,28720,25877,0,2843,512,1,1
torus,hotnode,vc4_class,4,2,4,8,0.7000,0.548719,1644.2310,24504,2.0984,16.3242,3546.5853,0.329333,0.219385,33557,29328,0,4229,512,1,1
torus,hotnode,vc4_class,4,2,4,8,0.8000,0.588734,2037.5871,25945,2.1028,93.3032,4478.1950,0.373484,0.215250,38444,32503,0,5941,512,1,1
torus,hotnode,vc4_class,4,2,4,8,0.8500,0.605391,2331.0938,26743,2.1056,251.3801,5030.6233,0.390776,0.214615,40895,33935,0,6960,512,1,1
torus,hotnode,vc4_class,4,2,4,8,0.9000,0.622708,2531.7126,27347,2.0965,302.5174,5511.7587,0.407380,0.215328,43170,35015,0,8155,512,1,1
torus,hotnode,vc4_class,4,2,4,8,0.9400,0.631859,2635.0910,27690,2.0886,392.9959,5736.6184,0.418464,0.213396,45073,35571,0,9502,512,1,1
torus,hotnode,vc4_class,4,2,4,8,0.9700,0.641661,2705.1223,27856,2.0943,429.7688,6034.5021,0.431646,0.210016,46493,35712,0,10781,512,1,1
torus,hotnode,vc4_class,4,2,4,8,1.0000,0.646344,2751.2723,27656,2.0852,513.6498,6150.4517,0.438219,0.208125,47870,36066,0,11804,512,1,1
